"","blk_group10","blk_group20","weight"
"1","360470001001","360470001001",1
"2","360470001002","360470001002",1
"3","360470001003","360470001003",1
"4","360470001004","360470001004",1
"5","360470002001","360470002001",1
"6","360470003011","360470003011",1
"7","360470003012","360470003012",1
"8","360470003013","360470003013",1
"9","360470003014","360470003014",1
"10","360470003015","360470003015",1
"11","360470005011","360470005011",1
"12","360470005012","360470005012",1
"13","360470005013","360470005013",1
"14","360470005021","360470005021",1
"15","360470005022","360470005022",1
"16","360470007001","360470007001",1
"17","360470007002","360470007002",1
"18","360470007003","360470007003",1
"19","360470009001","360470009001",1
"20","360470009002","360470009002",1
"21","360470011001","360470011001",1
"22","360470013001","360470013001",1
"23","360470013002","360470013002",1
"24","360470015001","360470015011",1
"25","360470015001","360470015012",0
"26","360470015002","360470015012",1
"27","360470015003","360470015021",1
"28","360470018000","360470018010",NA
"29","360470018000","360470018020",NA
"30","360470018000","360470018030",NA
"31","360470018000","360470018040",NA
"32","360470018001","360470018011",0.00760095011876485
"33","360470018001","360470018012",0.992399049881235
"34","360470018001","360470018021",0
"35","360470018001","360470018031",0
"36","360470018001","360470018041",0
"37","360470020001","360470020001",1
"38","360470020002","360470020002",1
"39","360470021001","360470021001",1
"40","360470021002","360470021002",0.999999999999997
"41","360470021003","360470021003",1
"42","360470022001","360470022001",1
"43","360470022002","360470022002",0.998372143546738
"44","360470022002","360470074004",0.00162785645326242
"45","360470022003","360470022003",0.621730382293763
"46","360470022003","360470022004",0.378269617706237
"47","360470023001","360470023001",1
"48","360470023002","360470023002",1
"49","360470023003","360470023003",1
"50","360470029011","360470029011",1
"51","360470029012","360470029012",1
"52","360470030001","360470030001",1
"53","360470030002","360470030002",1
"54","360470031001","360470031011",1
"55","360470031002","360470031012",1
"56","360470031003","360470031013",1
"57","360470031003","360470031021",0
"58","360470033001","360470033001",1
"59","360470033002","360470033002",1
"60","360470034000","360470034000",NA
"61","360470034001","360470034001",1
"62","360470034002","360470034002",1
"63","360470034003","360470034003",1
"64","360470035001","360470035001",1
"65","360470035002","360470035002",1
"66","360470036001","360470036001",1
"67","360470036002","360470036002",1
"68","360470036003","360470036003",1
"69","360470037001","360470037001",1
"70","360470038000","360470038000",NA
"71","360470038001","360470038001",1
"72","360470039001","360470039001",1
"73","360470039002","360470039002",1
"74","360470039003","360470039003",1
"75","360470041001","360470041001",1
"76","360470041002","360470041002",1
"77","360470041003","360470041003",1
"78","360470043001","360470043001",1
"79","360470043002","360470043002",1
"80","360470043003","360470043003",1
"81","360470043004","360470043004",1
"82","360470044000","360470044000",NA
"83","360470044001","360470044001",1
"84","360470044002","360470044002",1
"85","360470045001","360470045001",1
"86","360470045002","360470045002",1
"87","360470045003","360470045003",1
"88","360470045004","360470045004",1
"89","360470046000","360470046000",NA
"90","360470046001","360470046001",1
"91","360470047001","360470047001",1
"92","360470049001","360470049001",1
"93","360470049002","360470049002",1
"94","360470049003","360470049003",1
"95","360470050000","360470050000",NA
"96","360470050001","360470050001",1
"97","360470050002","360470050002",1
"98","360470050003","360470050003",1
"99","360470051001","360470051001",1
"100","360470051002","360470051002",1
"101","360470051003","360470051003",1
"102","360470052010","360470052010",NA
"103","360470052011","360470052011",1
"104","360470052020","360470052020",NA
"105","360470052021","360470052021",1
"106","360470052022","360470052022",1
"107","360470053000","360470053010",NA
"108","360470053000","360470053020",NA
"109","360470053001","360470053011",0.488970588235294
"110","360470053001","360470053012",0.441176470588235
"111","360470053001","360470053021",0.0698529411764706
"112","360470053001","360470053022",0
"113","360470053001","360470053031",0
"114","360470053002","360470053011",1
"115","360470053003","360470053011",0.573055028462998
"116","360470053003","360470053012",0.426944971537002
"117","360470053004","360470053012",1
"118","360470053004","360470053023",0
"119","360470054000","360470054000",NA
"120","360470054001","360470054001",1
"121","360470054002","360470054002",1
"122","360470054003","360470054003",1
"123","360470056010","360470056010",NA
"124","360470056011","360470056011",1
"125","360470056012","360470056012",1
"126","360470056020","360470056020",NA
"127","360470056021","360470056021",1
"128","360470058001","360470058001",1
"129","360470058002","360470058002",1
"130","360470058003","360470058003",1
"131","360470059001","360470059001",1
"132","360470059002","360470051003",0
"133","360470059002","360470059002",1
"134","360470060001","360470060001",1
"135","360470060002","360470060002",1
"136","360470060003","360470060003",1
"137","360470062001","360470062001",1
"138","360470062002","360470062002",1
"139","360470062003","360470062003",1
"140","360470063001","360470063001",1
"141","360470063002","360470063002",1
"142","360470064001","360470064001",1
"143","360470064002","360470064002",1
"144","360470064003","360470064003",1
"145","360470065001","360470065001",1
"146","360470065002","360470065002",1
"147","360470065003","360470065003",1
"148","360470065004","360470065004",1
"149","360470065005","360470065005",1
"150","360470065006","360470065006",1
"151","360470065007","360470065007",1
"152","360470066001","360470066001",1
"153","360470066002","360470066002",1
"154","360470066003","360470066003",1
"155","360470067001","360470067001",1
"156","360470067002","360470067002",1
"157","360470067003","360470067003",1
"158","360470067004","360470067004",1
"159","360470067005","360470067005",1
"160","360470068001","360470068001",1
"161","360470068002","360470068002",1
"162","360470068003","360470068003",1
"163","360470068004","360470068004",1
"164","360470069001","360470069011",1
"165","360470069002","360470069021",1
"166","360470069003","360470069022",1
"167","360470069004","360470069012",1
"168","360470070001","360470070001",0.99999999999997
"169","360470070002","360470070002",1
"170","360470071001","360470071001",1
"171","360470071002","360470071001",0.60806916426513
"172","360470071002","360470071002",0.39193083573487
"173","360470071003","360470071002",1
"174","360470071004","360470071003",1
"175","360470072001","360470072001",1
"176","360470074001","360470074001",1
"177","360470074002","360470074002",1
"178","360470074003","360470074003",1
"179","360470074004","360470074004",1
"180","360470075001","360470075001",1
"181","360470075002","360470075002",1
"182","360470075003","360470075003",1
"183","360470075004","360470075004",1
"184","360470075005","360470075005",1
"185","360470076001","360470076001",1
"186","360470076002","360470076002",1
"187","360470076003","360470076003",1
"188","360470077001","360470077001",1
"189","360470077002","360470077002",1
"190","360470077003","360470053021",0
"191","360470077003","360470077003",1
"192","360470077004","360470077004",1
"193","360470078001","360470078001",1
"194","360470078002","360470078002",1
"195","360470078003","360470078003",1
"196","360470078004","360470078004",1
"197","360470080001","360470080001",1
"198","360470080002","360470080002",1
"199","360470080003","360470080003",1
"200","360470082001","360470082001",1
"201","360470082002","360470082002",1
"202","360470082003","360470082003",1
"203","360470084001","360470084001",1
"204","360470084002","360470084002",1
"205","360470084003","360470084003",1
"206","360470085001","360470085001",1
"207","360470085002","360470085002",1
"208","360470085003","360470085003",1
"209","360470086001","360470086001",NA
"210","360470088001","360470088001",1
"211","360470088002","360470088002",1
"212","360470090001","360470090011",1
"213","360470090002","360470090021",1
"214","360470092001","360470092011",0.411314083677077
"215","360470092001","360470092021",0.588685916322923
"216","360470092002","360470092012",0.305258033106134
"217","360470092002","360470092021",0.694741966893866
"218","360470092003","360470092012",0.351863164324985
"219","360470092003","360470092022",0.648136835675015
"220","360470094001","360470094021",0.627190653212958
"221","360470094001","360470094022",0.372809346787042
"222","360470094002","360470094012",0.626980728051392
"223","360470094002","360470094022",0.373019271948608
"224","360470094003","360470094011",1
"225","360470096001","360470096001",1
"226","360470096002","360470096002",1
"227","360470096003","360470096003",1
"228","360470096004","360470096004",1
"229","360470098001","360470098001",1
"230","360470098002","360470098002",1
"231","360470098003","360470098003",1
"232","360470098004","360470098004",1
"233","360470100001","360470100001",1
"234","360470100002","360470100002",1
"235","360470100003","360470100003",1
"236","360470100004","360470100004",1
"237","360470101001","360470101001",1
"238","360470101002","360470101002",1
"239","360470101003","360470101003",1
"240","360470102001","360470102001",1
"241","360470102002","360470102002",1
"242","360470102003","360470102003",1
"243","360470104001","360470104021",0.281805745554036
"244","360470104001","360470104022",0.718194254445964
"245","360470104002","360470104012",0.588888888888889
"246","360470104002","360470104021",0.411111111111111
"247","360470104003","360470104011",0.621052631578947
"248","360470104003","360470104012",0.378947368421053
"249","360470106001","360470106021",0.385835095137421
"250","360470106001","360470106022",0.614164904862579
"251","360470106002","360470106012",0.695121951219512
"252","360470106002","360470106021",0.304878048780488
"253","360470106003","360470106011",1
"254","360470108001","360470108011",0.749664429530201
"255","360470108001","360470108022",0.250335570469799
"256","360470108002","360470108021",0.493975903614458
"257","360470108002","360470108022",0.506024096385542
"258","360470108003","360470108012",0.680976050610032
"259","360470108003","360470108021",0.319023949389968
"260","360470110001","360470110001",1
"261","360470110002","360470110002",1
"262","360470112001","360470112001",1
"263","360470112002","360470112002",1
"264","360470112003","360470112003",1
"265","360470112004","360470112004",1
"266","360470114001","360470114001",1
"267","360470114002","360470114002",1
"268","360470114003","360470114003",1
"269","360470116001","360470116001",1
"270","360470116002","360470116002",1
"271","360470116003","360470116003",1
"272","360470117001","360470117001",1
"273","360470117002","360470117002",1
"274","360470117003","360470117002",0.0445544554455446
"275","360470117003","360470117003",0.955445544554455
"276","360470118001","360470118001",0
"277","360470118001","360470118003",1
"278","360470118002","360470118001",0
"279","360470118002","360470118002",1
"280","360470119001","360470119011",1
"281","360470119001","360470119021",0
"282","360470119002","360470119012",1
"283","360470119003","360470119012",1
"284","360470120001","360470120001",1
"285","360470121001","360470121001",1
"286","360470121002","360470121002",1
"287","360470122001","360470122001",1
"288","360470122002","360470122002",1
"289","360470122003","360470122003",0
"290","360470122003","360470122004",1
"291","360470126001","360470126001",1
"292","360470126002","360470126002",1
"293","360470126003","360470126003",1
"294","360470127001","360470127001",1
"295","360470127002","360470127002",1
"296","360470127003","360470127003",1
"297","360470128011","360470128011",1
"298","360470129011","360470129011",0
"299","360470129011","360470129014",1
"300","360470129011","360470129022",0
"301","360470129012","360470129012",1
"302","360470129013","360470129013",1
"303","360470129021","360470129022",1
"304","360470129022","360470129022",1
"305","360470129023","360470129021",1
"306","360470130001","360470130001",1
"307","360470130002","360470130002",1
"308","360470130003","360470130003",1
"309","360470130004","360470130004",1
"310","360470131001","360470131001",1
"311","360470131002","360470131002",1
"312","360470131003","360470131003",1
"313","360470131004","360470131004",1
"314","360470132001","360470132001",1
"315","360470132002","360470132002",1
"316","360470133001","360470133001",1
"317","360470133002","360470133002",1
"318","360470133003","360470133003",1
"319","360470133004","360470133004",1
"320","360470134001","360470134001",1
"321","360470134002","360470134002",1
"322","360470134003","360470134003",1
"323","360470135001","360470135001",1
"324","360470135002","360470135002",1
"325","360470135003","360470135003",1
"326","360470136001","360470136001",1
"327","360470136002","360470136002",1
"328","360470136003","360470136003",1
"329","360470136004","360470136004",1
"330","360470137001","360470137001",1
"331","360470137002","360470137002",1
"332","360470137003","360470137003",1
"333","360470138001","360470138001",1
"334","360470138002","360470138002",1
"335","360470138003","360470138003",1
"336","360470139001","360470139001",1
"337","360470139002","360470139002",1
"338","360470139003","360470139003",1
"339","360470139004","360470139004",1
"340","360470140001","360470140001",1
"341","360470140002","360470140002",1
"342","360470141001","360470141011",0.691869918699187
"343","360470141001","360470141022",0.308130081300813
"344","360470141002","360470141021",0.491248541423571
"345","360470141002","360470141022",0.508751458576429
"346","360470141003","360470141011",0.543010752688172
"347","360470141003","360470141021",0.456989247311828
"348","360470142001","360470142001",1
"349","360470142002","360470142002",1
"350","360470142003","360470142003",1
"351","360470143001","360470143001",1
"352","360470143002","360470143002",1
"353","360470143003","360470143003",1
"354","360470145001","360470145001",1
"355","360470145002","360470145002",1
"356","360470145003","360470145003",1
"357","360470145004","360470145004",1
"358","360470147001","360470147001",1
"359","360470147002","360470147002",1
"360","360470148001","360470148001",1
"361","360470148002","360470148002",1
"362","360470149001","360470149011",0.425609756097561
"363","360470149001","360470149012",0.574390243902439
"364","360470149002","360470149011",0.369047619047619
"365","360470149002","360470149012",0.162698412698413
"366","360470149002","360470149021",0.468253968253968
"367","360470149003","360470149021",1
"368","360470149004","360470149022",1
"369","360470149005","360470149023",1
"370","360470150001","360470150001",1
"371","360470150002","360470150002",1
"372","360470151001","360470151001",1
"373","360470151002","360470151002",1
"374","360470151003","360470151003",1
"375","360470151004","360470151004",1
"376","360470152001","360470152001",1
"377","360470152002","360470152002",1
"378","360470152003","360470152003",1
"379","360470153001","360470153001",1
"380","360470153002","360470153002",1
"381","360470153003","360470153003",1
"382","360470153004","360470153004",1
"383","360470154001","360470154001",NA
"384","360470155001","360470155001",1
"385","360470155002","360470155002",1
"386","360470155003","360470155003",1
"387","360470155004","360470155004",1
"388","360470157001","360470157001",1
"389","360470157002","360470157002",1
"390","360470157003","360470157003",1
"391","360470157004","360470157004",1
"392","360470159001","360470159005",0.0565055762081784
"393","360470159001","360470159006",0.943494423791822
"394","360470159002","360470159001",1
"395","360470159003","360470159002",1
"396","360470159004","360470159003",1
"397","360470159005","360470159004",1
"398","360470160001","360470160001",1
"399","360470160002","360470160002",1
"400","360470160003","360470160003",1
"401","360470160004","360470160004",1
"402","360470161001","360470161002",0
"403","360470161001","360470161003",1
"404","360470161002","360470161001",1
"405","360470161003","360470161001",0.16953316953317
"406","360470161003","360470161004",0.83046683046683
"407","360470162001","360470162001",1
"408","360470162001","360470162002",0
"409","360470162002","360470162002",1
"410","360470163001","360470163001",0
"411","360470163001","360470163002",1
"412","360470163002","360470163002",0.48294930875576
"413","360470163002","360470163003",0.51705069124424
"414","360470163003","360470163003",0.560897435897436
"415","360470163003","360470163004",0.439102564102564
"416","360470164000","360470164000",NA
"417","360470164001","360470164001",1
"418","360470165001","360470165001",1
"419","360470165002","360470165002",1
"420","360470165003","360470165003",1
"421","360470165004","360470165004",1
"422","360470166001","360470166001",1
"423","360470166002","360470166002",1
"424","360470167001","360470167001",1
"425","360470167002","360470167002",1
"426","360470167003","360470167003",1
"427","360470167004","360470167004",1
"428","360470168000","360470168000",NA
"429","360470168001","360470168001",1
"430","360470169001","360470169001",1
"431","360470169002","360470169002",1
"432","360470169003","360470169003",1
"433","360470169004","360470169004",1
"434","360470169005","360470169005",1
"435","360470170001","360470170001",1
"436","360470170002","360470170002",1
"437","360470170003","360470170003",1
"438","360470171001","360470171001",1
"439","360470171002","360470171002",1
"440","360470171003","360470171003",1
"441","360470171004","360470171004",1
"442","360470172001","360470172001",1
"443","360470172002","360470172002",1
"444","360470174000","360470174000",NA
"445","360470174001","360470174001",1
"446","360470174002","360470174002",1
"447","360470175001","360470175001",1
"448","360470176000","360470176000",NA
"449","360470176001","360470176001",1
"450","360470176002","360470176002",1
"451","360470177001","360470177001",NA
"452","360470178001","360470178001",1
"453","360470178002","360470178002",1
"454","360470179001","360470179001",1
"455","360470179002","360470179002",1
"456","360470179003","360470179003",1
"457","360470180001","360470180001",1
"458","360470180002","360470180002",1
"459","360470181001","360470181001",1
"460","360470181002","360470181002",1
"461","360470181003","360470181003",1
"462","360470181004","360470181004",1
"463","360470182001","360470182001",1
"464","360470182002","360470182002",1
"465","360470183001","360470183001",1
"466","360470183002","360470183002",1
"467","360470183003","360470183003",1
"468","360470184001","360470184001",1
"469","360470184002","360470184002",1
"470","360470185011","360470185011",1
"471","360470185012","360470185012",1
"472","360470185013","360470185013",1
"473","360470185014","360470185014",1
"474","360470186001","360470186001",1
"475","360470186002","360470186002",1
"476","360470187001","360470187001",1
"477","360470188001","360470188001",1
"478","360470188002","360470188002",1
"479","360470190001","360470190001",1
"480","360470190002","360470190002",1
"481","360470190003","360470190003",1
"482","360470191001","360470191001",1
"483","360470191002","360470191002",1
"484","360470191003","360470191002",0.268269230769231
"485","360470191003","360470191003",0.731730769230769
"486","360470192001","360470192001",0.632534024627349
"487","360470192001","360470192002",0.367465975372651
"488","360470192002","360470192002",0.201790073230269
"489","360470192002","360470192003",0.78193653376729
"490","360470192002","360470192004",0.016273393002441
"491","360470193001","360470193001",0.158762886597938
"492","360470193001","360470193002",0.841237113402062
"493","360470193002","360470193004",1
"494","360470193003","360470193003",1
"495","360470193004","360470193001",1
"496","360470194001","360470194001",1
"497","360470194002","360470194002",1
"498","360470194003","360470194003",1
"499","360470195001","360470195001",1
"500","360470195002","360470195002",1
"501","360470195003","360470195003",1
"502","360470195004","360470195004",1
"503","360470196001","360470196001",1
"504","360470196002","360470196002",1
"505","360470196003","360470196003",1
"506","360470197001","360470197001",1
"507","360470197002","360470197002",1
"508","360470197003","360470197003",1
"509","360470197004","360470197004",1
"510","360470198001","360470198001",1
"511","360470198002","360470198002",1
"512","360470199001","360470199001",1
"513","360470199002","360470199002",1
"514","360470199003","360470199003",1
"515","360470199004","360470199004",1
"516","360470200001","360470200001",1
"517","360470200002","360470200002",1
"518","360470201001","360470201001",1
"519","360470201002","360470201002",1
"520","360470201003","360470201003",1
"521","360470201004","360470201004",1
"522","360470202001","360470202001",1
"523","360470202002","360470202002",1
"524","360470203001","360470203001",1
"525","360470203002","360470203002",1
"526","360470204001","360470204001",1
"527","360470204002","360470204002",1
"528","360470205001","360470205001",1
"529","360470205002","360470205002",1
"530","360470205003","360470205003",1
"531","360470206001","360470206001",1
"532","360470206002","360470206002",1
"533","360470207001","360470207001",1
"534","360470207002","360470207002",1
"535","360470207003","360470207003",1
"536","360470208001","360470208001",1
"537","360470208002","360470208002",1
"538","360470208003","360470208003",1
"539","360470210001","360470210001",1
"540","360470210002","360470210002",1
"541","360470210003","360470210003",1
"542","360470211001","360470211001",1
"543","360470211002","360470211002",1
"544","360470212001","360470212001",1
"545","360470212002","360470212002",1
"546","360470212003","360470212003",1
"547","360470213001","360470213001",1
"548","360470213002","360470213002",1
"549","360470213003","360470213003",1
"550","360470214001","360470214001",0
"551","360470214001","360470214002",1
"552","360470214002","360470214001",0.0132113821138211
"553","360470214002","360470214003",0.986788617886179
"554","360470215001","360470215001",1
"555","360470215002","360470215002",1
"556","360470215003","360470215003",1
"557","360470215004","360470215004",1
"558","360470216001","360470216001",1
"559","360470216002","360470216002",1
"560","360470216003","360470216003",1
"561","360470217001","360470217001",1
"562","360470217002","360470217002",1
"563","360470218001","360470218001",1
"564","360470218002","360470218002",1
"565","360470218003","360470218003",1
"566","360470219001","360470219001",1
"567","360470219002","360470219002",1
"568","360470219003","360470219003",1
"569","360470220001","360470220001",1
"570","360470220002","360470220002",1
"571","360470220003","360470220003",1
"572","360470220004","360470220004",1
"573","360470221001","360470221001",1
"574","360470221002","360470221002",1
"575","360470221003","360470221003",1
"576","360470222001","360470222001",1
"577","360470222002","360470222002",1
"578","360470222003","360470222003",1
"579","360470224001","360470224001",1
"580","360470224002","360470224002",1
"581","360470224003","360470224003",1
"582","360470224004","360470224004",1
"583","360470226001","360470226001",1
"584","360470226002","360470226002",1
"585","360470227001","360470227001",1
"586","360470227002","360470227002",1
"587","360470227003","360470227004",1
"588","360470227004","360470227003",0.733545647558386
"589","360470227004","360470227004",0.266454352441614
"590","360470228001","360470228001",1
"591","360470228002","360470228002",1
"592","360470228003","360470228003",1
"593","360470229001","360470229001",1
"594","360470229002","360470229002",1
"595","360470229003","360470229003",1
"596","360470229004","360470229004",1
"597","360470230001","360470230001",1
"598","360470230002","360470230002",1
"599","360470230003","360470230003",1
"600","360470231001","360470231001",1
"601","360470231002","360470231002",1
"602","360470231003","360470231003",1
"603","360470232001","360470232001",1
"604","360470232002","360470232002",1
"605","360470232003","360470232003",1
"606","360470232004","360470232004",1
"607","360470232005","360470232005",1
"608","360470233001","360470233001",1
"609","360470233002","360470233002",1
"610","360470233003","360470233002",0.00646389065166621
"611","360470233003","360470233003",0.993536109348334
"612","360470234001","360470234001",1
"613","360470234002","360470234002",1
"614","360470234003","360470234003",1
"615","360470235001","360470235001",1
"616","360470235002","360470235002",1
"617","360470236001","360470236001",1
"618","360470236002","360470236002",1
"619","360470236003","360470236003",1
"620","360470236004","360470236004",1
"621","360470238001","360470238001",1
"622","360470238002","360470238002",1
"623","360470238003","360470238003",1
"624","360470240001","360470240001",1
"625","360470240002","360470240002",1
"626","360470240003","360470240003",1
"627","360470241001","360470241001",1
"628","360470241002","360470241002",1
"629","360470242001","360470242001",1
"630","360470242002","360470242002",1
"631","360470243001","360470243001",1
"632","360470243002","360470243002",1
"633","360470243003","360470243003",1
"634","360470244001","360470244001",1
"635","360470244002","360470244002",1
"636","360470244003","360470244003",1
"637","360470245001","360470245001",1
"638","360470245002","360470245002",1
"639","360470245003","360470245003",1
"640","360470245004","360470245004",1
"641","360470246001","360470246001",1
"642","360470246002","360470246002",1
"643","360470246003","360470246003",1
"644","360470247001","360470247001",1
"645","360470247002","360470247002",1
"646","360470248001","360470248001",1
"647","360470248002","360470248002",1
"648","360470249001","360470249001",1
"649","360470249002","360470249002",1
"650","360470249003","360470249003",1
"651","360470249004","360470249004",1
"652","360470250001","360470250001",1
"653","360470250002","360470250002",1
"654","360470251001","360470251001",1
"655","360470251002","360470251002",1
"656","360470251003","360470251003",1
"657","360470252001","360470252001",1
"658","360470252002","360470252002",1
"659","360470252003","360470252003",1
"660","360470252004","360470252004",1
"661","360470253001","360470253001",1
"662","360470253002","360470253002",1
"663","360470253003","360470253003",1
"664","360470254001","360470254001",1
"665","360470254002","360470254002",1
"666","360470254003","360470254003",1
"667","360470255001","360470255001",1
"668","360470255002","360470255002",1
"669","360470256001","360470256001",1
"670","360470256002","360470256002",1
"671","360470257001","360470257001",1
"672","360470257002","360470257002",1
"673","360470257003","360470257003",1
"674","360470258001","360470258001",1
"675","360470258002","360470258002",1
"676","360470258003","360470258003",1
"677","360470259011","360470259011",1
"678","360470259021","360470259021",1
"679","360470260001","360470260001",1
"680","360470260002","360470260002",1
"681","360470260003","360470260003",1
"682","360470261001","360470261001",1
"683","360470261002","360470261002",1
"684","360470261003","360470261003",1
"685","360470261004","360470261004",1
"686","360470261005","360470261005",1
"687","360470262001","360470262001",1
"688","360470262002","360470262002",0.999999999999794
"689","360470263001","360470263001",1
"690","360470264001","360470264001",1
"691","360470264002","360470264002",1
"692","360470264003","360470264003",1
"693","360470264004","360470264004",1
"694","360470265001","360470265001",1
"695","360470265002","360470265002",1
"696","360470265003","360470265003",1
"697","360470265004","360470265004",1
"698","360470266001","360470266001",1
"699","360470266002","360470266002",1
"700","360470266003","360470266003",1
"701","360470267001","360470267001",1
"702","360470267002","360470267002",1
"703","360470267003","360470267003",1
"704","360470267004","360470267004",1
"705","360470268001","360470268001",1
"706","360470268002","360470268002",1
"707","360470268003","360470268003",1
"708","360470268004","360470268004",1
"709","360470269001","360470269001",1
"710","360470269002","360470269002",1
"711","360470269003","360470269003",1
"712","360470270001","360470270001",1
"713","360470270002","360470270002",1
"714","360470271001","360470271001",1
"715","360470271002","360470271002",1
"716","360470272001","360470272001",1
"717","360470272002","360470272002",1
"718","360470272003","360470272003",1
"719","360470273001","360470273001",1
"720","360470273002","360470273002",1
"721","360470273003","360470273003",1
"722","360470274001","360470274001",1
"723","360470274002","360470274002",1
"724","360470275001","360470275001",1
"725","360470275002","360470275002",1
"726","360470275003","360470275003",1
"727","360470275004","360470275004",1
"728","360470276001","360470276001",1
"729","360470276002","360470276002",1
"730","360470276003","360470276003",1
"731","360470277001","360470277001",1
"732","360470277002","360470277002",1
"733","360470277003","360470277003",1
"734","360470277004","360470277004",1
"735","360470278001","360470278001",1
"736","360470278002","360470278002",1
"737","360470279001","360470279001",1
"738","360470279002","360470279002",1
"739","360470279003","360470279003",1
"740","360470279004","360470279004",1
"741","360470280000","360470280000",NA
"742","360470280001","360470280001",1
"743","360470280002","360470280002",1
"744","360470281001","360470281001",1
"745","360470281002","360470281002",1
"746","360470281003","360470281003",1
"747","360470282000","360470282000",NA
"748","360470282001","360470282001",1
"749","360470282002","360470282002",1
"750","360470282003","360470282003",1
"751","360470283001","360470283001",1
"752","360470283002","360470283002",1
"753","360470283003","360470283003",1
"754","360470284001","360470284001",1
"755","360470284002","360470284002",1
"756","360470284003","360470284003",1
"757","360470285011","360470285011",1
"758","360470285021","360470285021",1
"759","360470286000","360470286000",NA
"760","360470286001","360470286001",1
"761","360470286002","360470286002",1
"762","360470286003","360470286003",1
"763","360470286004","360470286004",1
"764","360470286005","360470286005",1
"765","360470287001","360470287001",1
"766","360470287002","360470287002",1
"767","360470287003","360470287003",1
"768","360470288001","360470288001",1
"769","360470288002","360470288002",1
"770","360470288003","360470288003",1
"771","360470289001","360470289001",1
"772","360470289002","360470289002",1
"773","360470289003","360470289003",1
"774","360470289004","360470289004",1
"775","360470290001","360470290001",1
"776","360470290002","360470290002",1
"777","360470290003","360470290003",1
"778","360470291001","360470291001",1
"779","360470291002","360470291002",1
"780","360470291003","360470291003",1
"781","360470292000","360470292000",NA
"782","360470292001","360470292002",1
"783","360470292001","360470292003",0
"784","360470292002","360470292001",1
"785","360470293001","360470293001",1
"786","360470293002","360470293002",1
"787","360470293003","360470293003",1
"788","360470293004","360470293004",1
"789","360470294000","360470294000",NA
"790","360470294001","360470294001",1
"791","360470295001","360470295001",1
"792","360470295002","360470295002",1
"793","360470295003","360470295003",1
"794","360470295004","360470295004",1
"795","360470296001","360470296001",1
"796","360470296002","360470296002",1
"797","360470296003","360470296003",1
"798","360470296004","360470296004",1
"799","360470297001","360470297001",1
"800","360470297002","360470297002",1
"801","360470297003","360470297003",1
"802","360470298001","360470298001",1
"803","360470298002","360470298002",1
"804","360470298003","360470298003",1
"805","360470299001","360470299001",1
"806","360470299002","360470299002",1
"807","360470300001","360470300001",0.53550135501355
"808","360470300001","360470300002",0.46449864498645
"809","360470300002","360470300003",0.386813186813187
"810","360470300002","360470300004",0.319120879120879
"811","360470300002","360470300005",0.294065934065934
"812","360470300002","360470300006",0
"813","360470301001","360470301001",1
"814","360470301002","360470301002",1
"815","360470301003","360470301003",1
"816","360470302001","360470302001",1
"817","360470302002","360470302002",1
"818","360470302003","360470302003",1
"819","360470303001","360470303001",1
"820","360470303002","360470303002",1
"821","360470303003","360470303003",1
"822","360470304000","360470304000",NA
"823","360470304001","360470304001",1
"824","360470304002","360470304002",1
"825","360470304003","360470304003",1
"826","360470305001","360470305001",1
"827","360470305002","360470305002",1
"828","360470305003","360470305003",1
"829","360470305004","360470305004",1
"830","360470306001","360470306001",1
"831","360470307001","360470307001",1
"832","360470307002","360470307002",1
"833","360470307003","360470307003",1
"834","360470308001","360470308001",0.998734527967399
"835","360470308001","360470314016",0.00126547203260133
"836","360470309001","360470309001",1
"837","360470309002","360470309002",1
"838","360470311001","360470311001",1
"839","360470311002","360470311002",1
"840","360470311003","360470311003",1
"841","360470313001","360470313001",1
"842","360470313002","360470313002",1
"843","360470313003","360470313003",1
"844","360470313004","360470313004",1
"845","360470314000","360470314010",NA
"846","360470314000","360470314020",NA
"847","360470314001","360470314011",1
"848","360470314002","360470314013",1
"849","360470314002","360470314014",0
"850","360470314002","360470314021",0
"851","360470314003","360470314012",1
"852","360470314004","360470314015",0.509183027232426
"853","360470314004","360470314016",0.490816972767574
"854","360470315001","360470315001",1
"855","360470315002","360470315002",1
"856","360470315003","360470315003",1
"857","360470315004","360470315004",1
"858","360470317011","360470317011",1
"859","360470317012","360470317012",1
"860","360470317013","360470317013",1
"861","360470317021","360470317021",1
"862","360470317022","360470317022",1
"863","360470317023","360470317023",1
"864","360470319001","360470319001",1
"865","360470319002","360470319002",1
"866","360470319003","360470319003",1
"867","360470321001","360470321001",1
"868","360470321002","360470321002",1
"869","360470321003","360470321003",1
"870","360470321004","360470321004",1
"871","360470323001","360470323001",1
"872","360470323002","360470323002",1
"873","360470323003","360470323003",1
"874","360470325001","360470325001",1
"875","360470325002","360470325002",1
"876","360470325003","360470325003",1
"877","360470326001","360470326001",1
"878","360470326002","360470326002",1
"879","360470326003","360470326003",1
"880","360470326004","360470326004",1
"881","360470326005","360470326005",1
"882","360470327001","360470327001",1
"883","360470327002","360470327002",1
"884","360470327003","360470327003",1
"885","360470328001","360470328001",1
"886","360470328002","360470328002",1
"887","360470328003","360470328003",1
"888","360470328004","360470328004",1
"889","360470329001","360470329001",1
"890","360470329002","360470329002",1
"891","360470329003","360470329003",1
"892","360470329004","360470329004",1
"893","360470330000","360470330000",NA
"894","360470330001","360470330001",1
"895","360470330002","360470330002",1
"896","360470330003","360470330003",1
"897","360470331001","360470331001",1
"898","360470331002","360470331002",1
"899","360470331003","360470331003",1
"900","360470333001","360470333001",1
"901","360470333002","360470333002",1
"902","360470333003","360470333003",1
"903","360470335001","360470335001",1
"904","360470335002","360470335002",1
"905","360470335003","360470335003",1
"906","360470336000","360470336000",NA
"907","360470336001","360470336001",1
"908","360470336002","360470336002",1
"909","360470336003","360470336003",1
"910","360470336004","360470336004",1
"911","360470336005","360470336005",1
"912","360470337001","360470337012",0.503856041131105
"913","360470337001","360470337022",0.496143958868895
"914","360470337002","360470337012",0.34012539184953
"915","360470337002","360470337021",0.200626959247649
"916","360470337002","360470337022",0.459247648902821
"917","360470337003","360470337011",0.735860409145608
"918","360470337003","360470337021",0.264139590854392
"919","360470339001","360470339001",1
"920","360470339002","360470339002",1
"921","360470339003","360470339003",1
"922","360470339004","360470339004",1
"923","360470340001","360470340001",1
"924","360470340002","360470340002",1
"925","360470341001","360470341001",1
"926","360470341002","360470341002",1
"927","360470341003","360470341003",1
"928","360470342001","360470342001",1
"929","360470342002","360470342002",1
"930","360470342003","360470342003",1
"931","360470342004","360470342004",1
"932","360470343001","360470343003",0.547416762342
"933","360470343001","360470343004",0.452583237658
"934","360470343002","360470343001",1
"935","360470343003","360470343002",1
"936","360470345001","360470345001",1
"937","360470345002","360470345002",1
"938","360470347001","360470347001",1
"939","360470347002","360470347002",1
"940","360470347003","360470347003",1
"941","360470348001","360470348001",1
"942","360470348002","360470348002",1
"943","360470349001","360470349011",0.683833116036506
"944","360470349001","360470349012",0.316166883963494
"945","360470349002","360470349012",0.534317984361425
"946","360470349002","360470349021",0.465682015638575
"947","360470349003","360470349021",0.576617480136209
"948","360470349003","360470349022",0.423382519863791
"949","360470349004","360470349023",1
"950","360470350001","360470350001",1
"951","360470350002","360470350002",1
"952","360470351001","360470351011",1
"953","360470351002","360470351011",0.319086219602063
"954","360470351002","360470351021",0.680913780397937
"955","360470351003","360470351021",0.47739969527679
"956","360470351003","360470351022",0.52260030472321
"957","360470352000","360470352000",NA
"958","360470352001","360470352001",1
"959","360470353001","360470353011",1
"960","360470353002","360470353012",0.42442645074224
"961","360470353002","360470353022",0.57557354925776
"962","360470353003","360470353021",0.611733333333333
"963","360470353003","360470353022",0.388266666666667
"964","360470354001","360470354001",1
"965","360470354002","360470354002",1
"966","360470354003","360470354003",1
"967","360470355001","360470355001",1
"968","360470355002","360470355002",1
"969","360470355003","360470355003",1
"970","360470356011","360470356011",1
"971","360470356021","360470356021",1
"972","360470356022","360470356022",1
"973","360470356023","360470356023",1
"974","360470357001","360470357011",1
"975","360470357001","360470357021",0
"976","360470359001","360470359001",1
"977","360470359002","360470359002",1
"978","360470359003","360470359003",1
"979","360470359004","360470359004",1
"980","360470360011","360470360011",1
"981","360470360012","360470360012",1
"982","360470360013","360470360013",1
"983","360470360021","360470360021",1
"984","360470360022","360470360022",1
"985","360470361001","360470361001",1
"986","360470361002","360470361002",1
"987","360470361003","360470361003",1
"988","360470362001","360470362001",1
"989","360470362002","360470362002",1
"990","360470362003","360470362003",1
"991","360470363001","360470363001",1
"992","360470363002","360470363002",1
"993","360470363003","360470363003",1
"994","360470363004","360470363004",1
"995","360470364001","360470364001",1
"996","360470364002","360470364002",1
"997","360470365011","360470365011",1
"998","360470365012","360470365012",1
"999","360470365021","360470365021",1
"1000","360470366001","360470366001",1
"1001","360470366002","360470366002",1
"1002","360470366003","360470366003",1
"1003","360470367001","360470367001",0.0201342281879195
"1004","360470367001","360470367002",0.627037392138063
"1005","360470367001","360470367003",0.352828379674017
"1006","360470367002","360470367001",0.00763358778625954
"1007","360470367002","360470367003",0.99236641221374
"1008","360470367002","360470367004",0
"1009","360470369001","360470369001",1
"1010","360470369002","360470369002",1
"1011","360470369003","360470369003",1
"1012","360470369004","360470369004",1
"1013","360470370001","360470370001",1
"1014","360470370002","360470370002",1
"1015","360470370003","360470370003",1
"1016","360470370004","360470370004",1
"1017","360470371001","360470371001",1
"1018","360470371002","360470371002",1
"1019","360470371003","360470371003",1
"1020","360470371004","360470371004",1
"1021","360470371005","360470371005",1
"1022","360470373001","360470373001",1
"1023","360470373002","360470373002",1
"1024","360470373003","360470373003",1
"1025","360470373004","360470373004",1
"1026","360470374011","360470374012",0.607891491985203
"1027","360470374011","360470374013",0.392108508014797
"1028","360470374012","360470374011",0.519607843137255
"1029","360470374012","360470374014",0.480392156862745
"1030","360470374013","360470374015",1
"1031","360470374021","360470374021",1
"1032","360470374022","360470374022",1
"1033","360470374023","360470374023",1
"1034","360470374024","360470374024",1
"1035","360470375001","360470375001",1
"1036","360470375002","360470375002",1
"1037","360470375003","360470375003",1
"1038","360470377001","360470377001",1
"1039","360470377002","360470377002",1
"1040","360470377003","360470377003",1
"1041","360470377004","360470377004",1
"1042","360470379001","360470379001",1
"1043","360470379002","360470379002",1
"1044","360470379003","360470379003",1
"1045","360470381001","360470381001",1
"1046","360470381002","360470381002",1
"1047","360470381003","360470381003",1
"1048","360470381004","360470381004",1
"1049","360470382001","360470382001",1
"1050","360470382002","360470382002",1
"1051","360470382003","360470382003",1
"1052","360470383001","360470383001",1
"1053","360470383002","360470383002",1
"1054","360470383003","360470383003",1
"1055","360470383004","360470383004",1
"1056","360470385001","360470385001",1
"1057","360470385002","360470385002",1
"1058","360470385003","360470385003",1
"1059","360470385004","360470385004",1
"1060","360470386001","360470386001",1
"1061","360470386002","360470386002",1
"1062","360470387001","360470387001",1
"1063","360470387002","360470387002",1
"1064","360470387003","360470387003",1
"1065","360470387004","360470387004",1
"1066","360470388001","360470388001",1
"1067","360470388002","360470388002",1
"1068","360470388003","360470388003",1
"1069","360470388004","360470388004",1
"1070","360470389001","360470389001",1
"1071","360470389002","360470389002",1
"1072","360470389003","360470389003",1
"1073","360470390001","360470390001",1
"1074","360470390002","360470390002",1
"1075","360470391001","360470391001",1
"1076","360470391002","360470391002",1
"1077","360470392001","360470392001",1
"1078","360470392002","360470392002",1
"1079","360470393001","360470393001",1
"1080","360470393002","360470393002",1
"1081","360470393003","360470393003",1
"1082","360470394001","360470394001",1
"1083","360470394002","360470394002",1
"1084","360470394003","360470394003",1
"1085","360470395001","360470395001",1
"1086","360470395002","360470395002",1
"1087","360470395003","360470395003",1
"1088","360470396001","360470396001",1
"1089","360470396002","360470396002",1
"1090","360470397001","360470397001",1
"1091","360470397002","360470397002",1
"1092","360470397003","360470397003",1
"1093","360470398001","360470398001",1
"1094","360470398002","360470398002",1
"1095","360470399001","360470399001",1
"1096","360470399002","360470399002",1
"1097","360470399003","360470399003",1
"1098","360470400001","360470400001",1
"1099","360470400002","360470400002",1
"1100","360470400003","360470400003",1
"1101","360470401001","360470401001",1
"1102","360470401002","360470401002",1
"1103","360470401003","360470401003",1
"1104","360470402001","360470402003",0.575414781297134
"1105","360470402001","360470402004",0.424585218702866
"1106","360470402002","360470402001",0
"1107","360470402002","360470402002",0.721357850070721
"1108","360470402002","360470402004",0.278642149929279
"1109","360470403001","360470403001",1
"1110","360470403002","360470403002",1
"1111","360470403003","360470403003",1
"1112","360470404001","360470404001",1
"1113","360470404002","360470404002",1
"1114","360470405001","360470405001",1
"1115","360470405002","360470405002",1
"1116","360470406001","360470406001",1
"1117","360470406002","360470406002",1
"1118","360470406003","360470406003",1
"1119","360470407001","360470407001",1
"1120","360470408001","360470408001",1
"1121","360470408002","360470408002",1
"1122","360470408003","360470408003",1
"1123","360470409001","360470409001",1
"1124","360470409002","360470409002",1
"1125","360470409003","360470409003",1
"1126","360470410001","360470410001",1
"1127","360470410002","360470410002",1
"1128","360470411001","360470411001",1
"1129","360470411002","360470411002",1
"1130","360470411003","360470411003",1
"1131","360470412001","360470412001",1
"1132","360470412002","360470412002",1
"1133","360470413001","360470413001",1
"1134","360470413002","360470413002",1
"1135","360470413003","360470413003",1
"1136","360470414011","360470414011",1
"1137","360470414012","360470414012",1
"1138","360470414021","360470414021",1
"1139","360470414022","360470414022",1
"1140","360470415001","360470415001",1
"1141","360470415002","360470415002",1
"1142","360470415003","360470415003",1
"1143","360470416001","360470416001",1
"1144","360470416002","360470416002",1
"1145","360470417001","360470417001",1
"1146","360470417002","360470417002",1
"1147","360470417003","360470417003",1
"1148","360470417004","360470417004",1
"1149","360470418001","360470418001",1
"1150","360470418002","360470418002",1
"1151","360470419001","360470419001",1
"1152","360470419002","360470419002",1
"1153","360470419003","360470419003",1
"1154","360470420001","360470420001",1
"1155","360470420002","360470420002",1
"1156","360470421001","360470421001",1
"1157","360470421002","360470421002",1
"1158","360470421003","360470421003",1
"1159","360470421004","360470421004",1
"1160","360470422001","360470422001",1
"1161","360470422002","360470422002",1
"1162","360470422003","360470422003",1
"1163","360470423001","360470423001",1
"1164","360470423002","360470423002",1
"1165","360470423003","360470423003",1
"1166","360470424001","360470424001",1
"1167","360470424002","360470424002",1
"1168","360470424003","360470424003",1
"1169","360470425001","360470425001",1
"1170","360470425002","360470425002",1
"1171","360470425003","360470425003",1
"1172","360470426001","360470426001",1
"1173","360470426002","360470426002",1
"1174","360470426003","360470426003",1
"1175","360470427001","360470427001",1
"1176","360470427002","360470427002",1
"1177","360470427003","360470427003",1
"1178","360470427004","360470427004",1
"1179","360470428001","360470428001",1
"1180","360470428002","360470428002",1
"1181","360470428003","360470428003",1
"1182","360470429001","360470429001",1
"1183","360470429002","360470429002",1
"1184","360470429003","360470429003",1
"1185","360470429004","360470429004",1
"1186","360470430001","360470430001",1
"1187","360470430002","360470430002",1
"1188","360470430003","360470430003",1
"1189","360470431001","360470431001",1
"1190","360470431002","360470431002",1
"1191","360470431003","360470431003",1
"1192","360470431004","360470431004",1
"1193","360470432001","360470432001",1
"1194","360470432002","360470432002",1
"1195","360470432003","360470432003",1
"1196","360470433001","360470433001",1
"1197","360470433002","360470433002",1
"1198","360470433003","360470433003",1
"1199","360470434001","360470434001",1
"1200","360470434002","360470434002",1
"1201","360470434002","360470434003",0
"1202","360470434003","360470434003",1
"1203","360470435001","360470435001",1
"1204","360470435002","360470435002",1
"1205","360470435003","360470435003",1
"1206","360470436001","360470436001",1
"1207","360470436002","360470436002",1
"1208","360470436003","360470436003",1
"1209","360470437001","360470437001",1
"1210","360470437002","360470437002",1
"1211","360470437003","360470437003",1
"1212","360470437004","360470437004",1
"1213","360470438001","360470438001",1
"1214","360470438002","360470438002",1
"1215","360470439001","360470439001",1
"1216","360470439002","360470439002",1
"1217","360470439003","360470439003",1
"1218","360470440001","360470440001",1
"1219","360470440002","360470440002",1
"1220","360470440003","360470440003",1
"1221","360470441001","360470441001",1
"1222","360470441002","360470441002",1
"1223","360470441003","360470441003",1
"1224","360470442001","360470442001",1
"1225","360470442002","360470442002",1
"1226","360470443001","360470443001",1
"1227","360470443002","360470443002",1
"1228","360470443003","360470443003",1
"1229","360470443004","360470443004",1
"1230","360470444001","360470444001",1
"1231","360470444002","360470444002",1
"1232","360470444003","360470444003",1
"1233","360470445001","360470445001",1
"1234","360470445002","360470445002",1
"1235","360470445003","360470445003",1
"1236","360470446001","360470446002",1
"1237","360470446002","360470446001",0.730607966457023
"1238","360470446002","360470446002",0.269392033542977
"1239","360470447001","360470447001",1
"1240","360470447002","360470447002",1
"1241","360470448001","360470446002",0
"1242","360470448001","360470448001",1
"1243","360470448002","360470448002",1
"1244","360470449001","360470449011",1
"1245","360470449002","360470449011",1
"1246","360470449003","360470449012",1
"1247","360470449004","360470449013",0.176470588235294
"1248","360470449004","360470449014",0.764705882352941
"1249","360470449004","360470449021",0
"1250","360470449004","360470449022",0
"1251","360470449004","360470449023",0.0588235294117647
"1252","360470449004","360470485001",0
"1253","360470450001","360470450001",1
"1254","360470452001","360470452001",1
"1255","360470452002","360470452002",1
"1256","360470453001","360470453001",1
"1257","360470453002","360470453002",1
"1258","360470454001","360470454001",1
"1259","360470454002","360470454002",1
"1260","360470456001","360470456001",1
"1261","360470456002","360470456002",1
"1262","360470458001","360470458001",1
"1263","360470458002","360470458002",1
"1264","360470460001","360470460001",1
"1265","360470460002","360470460002",1
"1266","360470460003","360470460003",1
"1267","360470462011","360470462011",0.889456869009585
"1268","360470462011","360470462012",0.110543130990415
"1269","360470462012","360470462011",0.143392689784442
"1270","360470462012","360470462012",0.856607310215558
"1271","360470462021","360470462021",1
"1272","360470462022","360470462022",1
"1273","360470464001","360470464001",1
"1274","360470464002","360470464002",1
"1275","360470468001","360470468001",1
"1276","360470470001","360470470001",1
"1277","360470470002","360470470002",1
"1278","360470472001","360470472001",1
"1279","360470472002","360470472002",1
"1280","360470472003","360470472003",1
"1281","360470474001","360470474001",1
"1282","360470474002","360470474002",1
"1283","360470476001","360470476001",1
"1284","360470476002","360470476002",1
"1285","360470476003","360470476003",1
"1286","360470477001","360470477001",1
"1287","360470477001","360470477002",0
"1288","360470477002","360470477002",1
"1289","360470478001","360470478001",1
"1290","360470478002","360470478002",1
"1291","360470478002","360470478003",0
"1292","360470478003","360470478003",1
"1293","360470480001","360470480001",1
"1294","360470480002","360470480002",1
"1295","360470481001","360470481001",1
"1296","360470481002","360470481002",1
"1297","360470481003","360470481003",1
"1298","360470482001","360470482004",0.483464566929134
"1299","360470482001","360470482005",0.516535433070866
"1300","360470482002","360470482001",1
"1301","360470482003","360470482002",1
"1302","360470482004","360470482003",1
"1303","360470484001","360470484001",1
"1304","360470484002","360470484002",0.600239377618193
"1305","360470484002","360470484003",0.399760622381807
"1306","360470484003","360470484002",0.453416149068323
"1307","360470484003","360470484003",0.546583850931677
"1308","360470485001","360470485001",1
"1309","360470485002","360470485002",1
"1310","360470486001","360470486001",1
"1311","360470486002","360470486002",1
"1312","360470486003","360470486003",1
"1313","360470488001","360470488001",1
"1314","360470488002","360470488002",1
"1315","360470488003","360470488003",1
"1316","360470489001","360470489001",1
"1317","360470489002","360470489002",1
"1318","360470489003","360470489003",1
"1319","360470490001","360470490001",1
"1320","360470490002","360470490002",1
"1321","360470490003","360470490003",1
"1322","360470491001","360470491001",1
"1323","360470491002","360470491002",1
"1324","360470491003","360470491003",1
"1325","360470491004","360470491004",1
"1326","360470492001","360470492001",1
"1327","360470492002","360470492002",1
"1328","360470492003","360470492003",1
"1329","360470493001","360470493011",1
"1330","360470493002","360470493021",1
"1331","360470493003","360470493022",1
"1332","360470493004","360470493023",1
"1333","360470493005","360470493024",1
"1334","360470494001","360470494001",1
"1335","360470494002","360470494002",1
"1336","360470494003","360470494003",1
"1337","360470494004","360470494004",1
"1338","360470495001","360470495001",1
"1339","360470495002","360470495002",1
"1340","360470495003","360470495003",1
"1341","360470496001","360470496001",1
"1342","360470496002","360470496002",1
"1343","360470496003","360470496003",1
"1344","360470497001","360470497001",1
"1345","360470497002","360470497002",1
"1346","360470497003","360470497003",1
"1347","360470498001","360470498001",1
"1348","360470498002","360470498002",1
"1349","360470498003","360470498003",1
"1350","360470499001","360470499001",1
"1351","360470499002","360470499002",1
"1352","360470500001","360470500011",1
"1353","360470500002","360470500012",1
"1354","360470500002","360471502001",0
"1355","360470500003","360470500021",1
"1356","360470501001","360470501001",1
"1357","360470501002","360470501002",1
"1358","360470501003","360470501003",1
"1359","360470502021","360470502021",1
"1360","360470502022","360470502022",1
"1361","360470503001","360470503001",1
"1362","360470503002","360470503002",1
"1363","360470503003","360470503003",1
"1364","360470504001","360470502022",0
"1365","360470504001","360470504011",1
"1366","360470504002","360470500012",0
"1367","360470504002","360470504012",1
"1368","360470504003","360470504021",0.568829891838741
"1369","360470504003","360470504022",0.431170108161259
"1370","360470505001","360470505001",1
"1371","360470505002","360470505002",1
"1372","360470505003","360470505003",1
"1373","360470506001","360470506001",1
"1374","360470506002","360470506002",1
"1375","360470506003","360470506003",1
"1376","360470506004","360470506004",1
"1377","360470507001","360470507001",1
"1378","360470508011","360470508011",1
"1379","360470508012","360470508012",1
"1380","360470508031","360470508031",1
"1381","360470508041","360470508041",1
"1382","360470508041","360470508042",0
"1383","360470508042","360470508042",1
"1384","360470508043","360470508043",1
"1385","360470509001","360470509001",1
"1386","360470509002","360470509002",1
"1387","360470510011","360470510011",1
"1388","360470510012","360470510012",1
"1389","360470510021","360470510021",1
"1390","360470510022","360470510022",1
"1391","360470510023","360470510023",1
"1392","360470511001","360470511001",1
"1393","360470511002","360470511002",1
"1394","360470511003","360470511003",1
"1395","360470512001","360470512001",1
"1396","360470512002","360470512002",1
"1397","360470512003","360470512003",1
"1398","360470512004","360470512004",1
"1399","360470513001","360470513001",1
"1400","360470513002","360470513002",1
"1401","360470513003","360470513003",1
"1402","360470513004","360470513004",1
"1403","360470514001","360470514001",1
"1404","360470514002","360470514002",1
"1405","360470514003","360470514003",1
"1406","360470514004","360470514004",1
"1407","360470515001","360470515001",1
"1408","360470516011","360470516011",1
"1409","360470516012","360470516012",1
"1410","360470516013","360470516013",1
"1411","360470516021","360470516021",1
"1412","360470516022","360470516022",1
"1413","360470517001","360470517001",1
"1414","360470517002","360470517002",1
"1415","360470518001","360470518001",1
"1416","360470518002","360470518002",1
"1417","360470518003","360470518003",1
"1418","360470519001","360470519001",1
"1419","360470519002","360470519002",1
"1420","360470519003","360470519003",1
"1421","360470520001","360470520001",1
"1422","360470520002","360470520002",1
"1423","360470520003","360470520003",1
"1424","360470523001","360470523001",1
"1425","360470523002","360470523002",1
"1426","360470523003","360470523003",1
"1427","360470523004","360470523004",1
"1428","360470523005","360470523005",1
"1429","360470525001","360470525001",1
"1430","360470525002","360470525002",1
"1431","360470526001","360470526001",1
"1432","360470526002","360470526002",1
"1433","360470526003","360470526003",1
"1434","360470527001","360470527001",1
"1435","360470527002","360470527002",1
"1436","360470527003","360470527003",1
"1437","360470527004","360470527004",1
"1438","360470527005","360470527005",1
"1439","360470527006","360470527006",1
"1440","360470527007","360470527007",1
"1441","360470528001","360470528001",1
"1442","360470528002","360470528002",1
"1443","360470529001","360470529001",1
"1444","360470529002","360470529002",1
"1445","360470529003","360470529003",1
"1446","360470530001","360470530001",1
"1447","360470530002","360470530002",1
"1448","360470530003","360470530003",1
"1449","360470531001","360470531021",0.784207353827607
"1450","360470531001","360470531022",0.215792646172393
"1451","360470531002","360470531011",0.380168606985147
"1452","360470531002","360470531012",0.0545965475712565
"1453","360470531002","360470531022",0.565234845443597
"1454","360470531003","360470531012",1
"1455","360470531004","360470531012",1
"1456","360470532001","360470532001",1
"1457","360470532002","360470532002",1
"1458","360470533001","360470533001",1
"1459","360470533002","360470533002",1
"1460","360470533003","360470533003",1
"1461","360470533004","360470533004",1
"1462","360470533005","360470533005",1
"1463","360470534001","360470534001",1
"1464","360470534002","360470534002",1
"1465","360470534003","360470534003",1
"1466","360470534004","360470534004",1
"1467","360470535001","360470535001",1
"1468","360470535002","360470535002",1
"1469","360470535003","360470535003",1
"1470","360470535004","360470535004",1
"1471","360470537001","360470537001",1
"1472","360470537002","360470537002",1
"1473","360470538001","360470538001",1
"1474","360470538002","360470538002",1
"1475","360470538003","360470538003",1
"1476","360470539001","360470539001",1
"1477","360470539002","360470539002",1
"1478","360470542001","360470542001",1
"1479","360470542002","360470542002",1
"1480","360470542003","360470542003",1
"1481","360470543001","360470543001",1
"1482","360470543002","360470211003",1
"1483","360470544001","360470544001",1
"1484","360470544002","360470544002",1
"1485","360470544003","360470544003",1
"1486","360470545001","360470545001",1
"1487","360470545002","360470545002",1
"1488","360470545003","360470545003",1
"1489","360470545004","360470545004",1
"1490","360470545005","360470545005",1
"1491","360470545006","360470545006",1
"1492","360470546001","360470546001",1
"1493","360470546002","360470546002",1
"1494","360470546003","360470546003",1
"1495","360470547001","360470547001",1
"1496","360470547002","360470547002",1
"1497","360470547003","360470547003",1
"1498","360470548001","360470548001",1
"1499","360470548002","360470548002",1
"1500","360470549001","360470549001",1
"1501","360470549002","360470549002",1
"1502","360470550001","360470550001",1
"1503","360470550002","360470550002",1
"1504","360470550003","360470550003",1
"1505","360470551001","360470551001",1
"1506","360470551002","360470551002",1
"1507","360470551003","360470551003",1
"1508","360470551004","360470551004",1
"1509","360470552001","360470552001",1
"1510","360470552002","360470552002",1
"1511","360470552003","360470552003",1
"1512","360470553001","360470553001",1
"1513","360470553002","360470553002",1
"1514","360470553003","360470553003",1
"1515","360470554001","360470554001",1
"1516","360470554002","360470554002",1
"1517","360470554003","360470554003",1
"1518","360470555001","360470555001",1
"1519","360470556001","360470556001",1
"1520","360470556002","360470556002",1
"1521","360470556003","360470556003",1
"1522","360470557001","360470557001",1
"1523","360470557002","360470557002",1
"1524","360470558001","360470558001",1
"1525","360470558002","360470558002",1
"1526","360470560001","360470560001",1
"1527","360470560002","360470560002",1
"1528","360470560003","360470560003",1
"1529","360470561001","360470561001",1
"1530","360470561002","360470561001",0
"1531","360470561002","360470561002",1
"1532","360470561003","360470561003",1
"1533","360470561004","360470561004",1
"1534","360470562001","360470562001",1
"1535","360470562002","360470562002",1
"1536","360470563001","360470563011",0.930795847750865
"1537","360470563001","360470563020",0
"1538","360470563001","360470563021",1.83454522352941e-05
"1539","360470563001","360470563022",0.0691858067968997
"1540","360470563002","360470563012",0.931533269045323
"1541","360470563002","360470563022",0.068466730954677
"1542","360470563003","360470563013",1
"1543","360470563004","360470563014",1
"1544","360470564001","360470564001",1
"1545","360470564002","360470564002",1
"1546","360470564003","360470564003",1
"1547","360470565001","360470565001",1
"1548","360470565002","360470565002",1
"1549","360470565003","360470565003",1
"1550","360470566001","360470566001",1
"1551","360470566002","360470566002",1
"1552","360470568001","360470568001",1
"1553","360470568002","360470568002",1
"1554","360470569001","360470569001",1
"1555","360470569002","360470569002",1
"1556","360470570001","360470570001",1
"1557","360470570002","360470570002",1
"1558","360470570003","360470570003",1
"1559","360470570004","360470570004",1
"1560","360470571001","360470571001",1
"1561","360470571002","360470571002",1
"1562","360470571003","360470571003",1
"1563","360470571004","360470571004",1
"1564","360470572001","360470572001",1
"1565","360470572002","360470572002",1
"1566","360470573001","360470573001",1
"1567","360470573002","360470573002",1
"1568","360470573003","360470573003",1
"1569","360470574001","360470574001",1
"1570","360470574002","360470574002",1
"1571","360470575001","360470575001",1
"1572","360470575002","360470575002",1
"1573","360470575003","360470575003",1
"1574","360470575004","360470575004",1
"1575","360470576001","360470576001",1
"1576","360470576002","360470576002",1
"1577","360470578001","360470578001",1
"1578","360470578002","360470578002",1
"1579","360470579001","360470579011",0.382093316519546
"1580","360470579001","360470579012",0.617906683480454
"1581","360470579002","360470579011",0
"1582","360470579002","360470579012",1
"1583","360470579002","360470579021",0
"1584","360470580001","360470580001",1
"1585","360470580002","360470580002",1
"1586","360470582001","360470582001",1
"1587","360470582002","360470582002",1
"1588","360470582003","360470582003",1
"1589","360470584001","360470584001",1
"1590","360470584002","360470584002",1
"1591","360470586001","360470586001",1
"1592","360470586002","360470586002",1
"1593","360470588001","360470588001",1
"1594","360470588002","360470588002",1
"1595","360470589001","360470589012",1
"1596","360470589001","360470589021",0
"1597","360470589002","360470589011",1
"1598","360470590001","360470590001",1
"1599","360470591001","360470591001",1
"1600","360470591002","360470591002",1
"1601","360470591003","360470591003",1
"1602","360470591004","360470591004",1
"1603","360470592001","360470592001",1
"1604","360470592002","360470592002",1
"1605","360470592003","360470592003",1
"1606","360470593001","360470593001",1
"1607","360470593002","360470593002",1
"1608","360470594011","360470594031",1
"1609","360470594012","360470594032",1
"1610","360470594013","360470594041",1
"1611","360470594014","360470594042",1
"1612","360470594015","360470594043",1
"1613","360470594016","360470594033",1
"1614","360470594021","360470594021",1
"1615","360470594022","360470594022",1
"1616","360470594023","360470594023",1
"1617","360470594024","360470594024",1
"1618","360470596001","360470596001",1
"1619","360470596002","360470596002",1
"1620","360470596003","360470596003",1
"1621","360470598001","360470598001",1
"1622","360470598002","360470598002",1
"1623","360470600001","360470600001",1
"1624","360470600002","360470600002",1
"1625","360470600003","360470600003",1
"1626","360470600004","360470600004",1
"1627","360470600005","360470600005",1
"1628","360470606001","360470606001",1
"1629","360470606002","360470606002",1
"1630","360470608001","360470608001",1
"1631","360470608002","360470608002",1
"1632","360470608003","360470608003",1
"1633","360470610020","360470610020",NA
"1634","360470610021","360470610021",1
"1635","360470610022","360470610022",0.541520151474168
"1636","360470610022","360470610023",0.458479848525832
"1637","360470610031","360470610031",1
"1638","360470610032","360470610032",1
"1639","360470610041","360470610042",1
"1640","360470610042","360470610041",1
"1641","360470610043","360470610042",0
"1642","360470610043","360470610045",1
"1643","360470610044","360470610043",1
"1644","360470610045","360470610044",1
"1645","360470612001","360470612001",1
"1646","360470616000","360470616000",NA
"1647","360470616001","360470616001",1
"1648","360470620001","360470620001",1
"1649","360470620002","360470620002",1
"1650","360470622001","360470622001",1
"1651","360470622002","360470622002",1
"1652","360470626001","360470626001",1
"1653","360470626002","360470626002",1
"1654","360470628001","360470628001",1
"1655","360470628002","360470628002",1
"1656","360470628003","360470628003",1
"1657","360470628004","360470628004",1
"1658","360470632001","360470632001",1
"1659","360470632002","360470632002",1
"1660","360470636001","360470636001",1
"1661","360470638001","360470638001",1
"1662","360470638002","360470638002",1
"1663","360470640001","360470640001",1
"1664","360470640002","360470640002",1
"1665","360470642001","360470642001",1
"1666","360470642002","360470642002",1
"1667","360470644001","360470644001",1
"1668","360470644002","360470644002",0.026246719160105
"1669","360470644002","360470644003",0.973753280839895
"1670","360470646001","360470646001",1
"1671","360470646002","360470646002",1
"1672","360470648001","360470648001",1
"1673","360470648002","360470648002",1
"1674","360470650001","360470650001",1
"1675","360470650002","360470650002",1
"1676","360470652001","360470652001",1
"1677","360470654001","360470654001",1
"1678","360470654002","360470654002",1
"1679","360470656001","360470656001",1
"1680","360470656002","360470656002",1
"1681","360470658001","360470658001",1
"1682","360470658002","360470658002",1
"1683","360470660001","360470660001",1
"1684","360470660002","360470660002",1
"1685","360470662001","360470662001",1
"1686","360470666000","360470666000",NA
"1687","360470666001","360470628002",NA
"1688","360470666001","360470666001",NA
"1689","360470670001","360470670001",1
"1690","360470670002","360470670002",1
"1691","360470672001","360470672001",1
"1692","360470674001","360470674001",1
"1693","360470674002","360470674002",1
"1694","360470676001","360470676001",1
"1695","360470676002","360470676002",1
"1696","360470678001","360470678001",1
"1697","360470678002","360470678002",1
"1698","360470680001","360470680001",1
"1699","360470680002","360470680002",1
"1700","360470682001","360470682001",1
"1701","360470682002","360470682002",1
"1702","360470686001","360470686001",1
"1703","360470686002","360470686002",1
"1704","360470688001","360470688001",1
"1705","360470688002","360470688002",1
"1706","360470690001","360470690001",1
"1707","360470690002","360470690002",1
"1708","360470692001","360470692001",1
"1709","360470692002","360470692002",1
"1710","360470696011","360470696011",1
"1711","360470696012","360470696012",1
"1712","360470696021","360470696021",1
"1713","360470696022","360470696022",1
"1714","360470696023","360470696023",1
"1715","360470698001","360470698001",1
"1716","360470698002","360470698002",1
"1717","360470700001","360470700001",1
"1718","360470700002","360470700002",1
"1719","360470702011","360470702011",1
"1720","360470702012","360470702012",1
"1721","360470702013","360470702013",1
"1722","360470702014","360470702014",1
"1723","360470702015","360470702015",1
"1724","360470702020","360470702020",NA
"1725","360470702021","360470702021",1
"1726","360470702030","360470702030",NA
"1727","360470702031","360470702031",NA
"1728","360470706000","360470706020",NA
"1729","360470706001","360470706012",1
"1730","360470706002","360470706011",0.814451382694023
"1731","360470706002","360470706012",0.185548617305977
"1732","360470706002","360470706021",0
"1733","360470720001","360470720001",1
"1734","360470722001","360470722001",1
"1735","360470722002","360470722002",1
"1736","360470724001","360470724001",1
"1737","360470724002","360470724002",1
"1738","360470726001","360470726001",1
"1739","360470728001","360470728001",1
"1740","360470728002","360470728002",1
"1741","360470730001","360470730001",1
"1742","360470730002","360470730002",1
"1743","360470732001","360470730002",0
"1744","360470732001","360470732001",1
"1745","360470732002","360470732002",1
"1746","360470734001","360470734001",1
"1747","360470734002","360470734002",1
"1748","360470736001","360470736001",1
"1749","360470736002","360470736002",1
"1750","360470736003","360470736003",1
"1751","360470738001","360470738001",1
"1752","360470738002","360470738002",1
"1753","360470738003","360470738003",1
"1754","360470740001","360470740001",1
"1755","360470740002","360470740002",1
"1756","360470742001","360470742001",1
"1757","360470742002","360470742002",1
"1758","360470744001","360470744001",1
"1759","360470744002","360470744002",1
"1760","360470744002","360470746002",0
"1761","360470746001","360470746001",1
"1762","360470746002","360470746002",1
"1763","360470748001","360470748001",0.181818181818182
"1764","360470748001","360470748002",0.818181818181818
"1765","360470748002","360470748001",1
"1766","360470750001","360470750001",1
"1767","360470750002","360470750002",1
"1768","360470752001","360470752001",1
"1769","360470754001","360470754001",1
"1770","360470754002","360470754002",1
"1771","360470756001","360470756001",1
"1772","360470756002","360470756002",1
"1773","360470758001","360470758001",1
"1774","360470758002","360470758002",1
"1775","360470760001","360470760001",1
"1776","360470760002","360470760002",1
"1777","360470760003","360470760003",1
"1778","360470762001","360470762001",1
"1779","360470762002","360470762002",1
"1780","360470762003","360470762003",1
"1781","360470764001","360470764001",1
"1782","360470764002","360470764002",1
"1783","360470764003","360470764003",1
"1784","360470766001","360470766001",1
"1785","360470768001","360470768001",1
"1786","360470768002","360470768002",1
"1787","360470768003","360470768003",1
"1788","360470770001","360470770001",1
"1789","360470770002","360470770002",1
"1790","360470772001","360470772001",1
"1791","360470772001","360470772002",0
"1792","360470772002","360470772002",1
"1793","360470774001","360470774001",1
"1794","360470774002","360470774002",1
"1795","360470776001","360470776001",1
"1796","360470776002","360470776002",1
"1797","360470776003","360470776003",1
"1798","360470780001","360470780001",1
"1799","360470780002","360470780002",1
"1800","360470782001","360470782001",1
"1801","360470782002","360470782002",1
"1802","360470784001","360470784001",1
"1803","360470784002","360470784002",1
"1804","360470786001","360470786011",1
"1805","360470786002","360470786012",0.358611825192802
"1806","360470786002","360470786022",0.641388174807198
"1807","360470786003","360470786012",0.377116893845518
"1808","360470786003","360470786021",0.273027674514663
"1809","360470786003","360470786022",0.349855431639818
"1810","360470788001","360470788021",1
"1811","360470788002","360470788011",1
"1812","360470788003","360470788012",1
"1813","360470790001","360470790021",1
"1814","360470790002","360470790011",0.135342789598109
"1815","360470790002","360470790023",0.864657210401891
"1816","360470790003","360470790022",1
"1817","360470790004","360470790011",1
"1818","360470792001","360470792021",1
"1819","360470792002","360470792022",1
"1820","360470792003","360470792011",1
"1821","360470794001","360470794001",0.712487899322362
"1822","360470794001","360470794002",0.276863504356244
"1823","360470794001","360470794003",0.010648596321394
"1824","360470794002","360470794002",1
"1825","360470796011","360470796011",1
"1826","360470796012","360470796012",1
"1827","360470796021","360470796021",1
"1828","360470796022","360470796022",1
"1829","360470798011","360470798011",1
"1830","360470798012","360470798012",1
"1831","360470798021","360470798021",1
"1832","360470798022","360470798022",1
"1833","360470798023","360470798023",1
"1834","360470800001","360470800001",1
"1835","360470800002","360470800002",1
"1836","360470800003","360470800003",1
"1837","360470802001","360470802001",1
"1838","360470802002","360470802002",1
"1839","360470802003","360470802003",1
"1840","360470804001","360470804001",1
"1841","360470804002","360470804002",1
"1842","360470804003","360470804003",1
"1843","360470806001","360470806001",1
"1844","360470806002","360470806002",1
"1845","360470808001","360470808001",1
"1846","360470810001","360470810001",1
"1847","360470810002","360470810002",1
"1848","360470814001","360470814001",1
"1849","360470814002","360470814002",1
"1850","360470816001","360470816001",1
"1851","360470816002","360470816002",1
"1852","360470818001","360470818001",1
"1853","360470818002","360470818002",1
"1854","360470818003","360470818003",1
"1855","360470820001","360470820001",1
"1856","360470820002","360470820002",1
"1857","360470820003","360470820003",1
"1858","360470822001","360470822001",1
"1859","360470822002","360470822002",1
"1860","360470822003","360470822003",1
"1861","360470822004","360470822004",1
"1862","360470824001","360470824001",1
"1863","360470824002","360470824002",1
"1864","360470824003","360470824003",1
"1865","360470824004","360470824004",1
"1866","360470826001","360470826001",1
"1867","360470826002","360470826002",1
"1868","360470826003","360470826003",1
"1869","360470826004","360470826004",1
"1870","360470828001","360470828001",1
"1871","360470828002","360470828002",1
"1872","360470828003","360470828003",1
"1873","360470830001","360470830001",1
"1874","360470830002","360470830002",1
"1875","360470830003","360470830003",1
"1876","360470830004","360470830004",1
"1877","360470832001","360470832001",1
"1878","360470832002","360470832002",1
"1879","360470834001","360470834001",1
"1880","360470834002","360470834002",1
"1881","360470836001","360470836001",1
"1882","360470836002","360470836002",1
"1883","360470838001","360470838001",1
"1884","360470838002","360470838002",1
"1885","360470840001","360470840001",1
"1886","360470840002","360470840002",1
"1887","360470846001","360470846001",1
"1888","360470846002","360470846002",1
"1889","360470848001","360470848001",1
"1890","360470848002","360470848002",1
"1891","360470850001","360470850001",1
"1892","360470852001","360470852001",1
"1893","360470854001","360470854001",1
"1894","360470854002","360470854002",1
"1895","360470856001","360470856001",1
"1896","360470856002","360470856002",1
"1897","360470856003","360470856003",1
"1898","360470858001","360470858001",1
"1899","360470858002","360470858002",1
"1900","360470860001","360470860001",1
"1901","360470860002","360470860002",1
"1902","360470860003","360470860003",1
"1903","360470862001","360470862001",1
"1904","360470862002","360470862002",1
"1905","360470862003","360470862003",1
"1906","360470864001","360470864001",1
"1907","360470864002","360470864002",1
"1908","360470866001","360470866001",1
"1909","360470866002","360470866002",1
"1910","360470866003","360470866003",1
"1911","360470868001","360470868001",1
"1912","360470868002","360470868002",1
"1913","360470868003","360470868003",1
"1914","360470870001","360470870001",1
"1915","360470870002","360470870002",1
"1916","360470870003","360470870003",1
"1917","360470872001","360470872001",1
"1918","360470872002","360470872002",1
"1919","360470872003","360470872003",1
"1920","360470874011","360470874011",1
"1921","360470874012","360470874012",1
"1922","360470876001","360470876001",1
"1923","360470876002","360470876002",1
"1924","360470878001","360470878001",1
"1925","360470878002","360470878002",1
"1926","360470878003","360470878003",1
"1927","360470880001","360470880021",1
"1928","360470880002","360470880012",1
"1929","360470880003","360470880011",1
"1930","360470882001","360470882001",1
"1931","360470882002","360470882002",1
"1932","360470882003","360470882003",1
"1933","360470882004","360470882004",1
"1934","360470884001","360470884001",1
"1935","360470884002","360470884002",1
"1936","360470884003","360470884003",1
"1937","360470886001","360470886001",1
"1938","360470886002","360470886002",1
"1939","360470886003","360470886003",1
"1940","360470888001","360470888001",1
"1941","360470888002","360470888002",1
"1942","360470888003","360470888003",1
"1943","360470890001","360470890001",1
"1944","360470890002","360470890002",1
"1945","360470890003","360470890003",1
"1946","360470890004","360470890004",1
"1947","360470890005","360470890005",1
"1948","360470890006","360470890006",1
"1949","360470892001","360470892001",1
"1950","360470892002","360470892002",1
"1951","360470892003","360470892003",1
"1952","360470892004","360470892004",1
"1953","360470894001","360470894001",1
"1954","360470894002","360470894002",1
"1955","360470894003","360470894003",1
"1956","360470894004","360470894004",1
"1957","360470896001","360470896001",1
"1958","360470896002","360470896002",1
"1959","360470896003","360470896003",1
"1960","360470898001","360470898001",1
"1961","360470898002","360470898002",1
"1962","360470900001","360470900001",1
"1963","360470900002","360470900002",1
"1964","360470900003","360470900003",1
"1965","360470900004","360470361002",0.000409895404738318
"1966","360470900004","360470900004",0.999590104595262
"1967","360470900005","360470900005",1
"1968","360470900006","360470900006",1
"1969","360470900007","360470900007",1
"1970","360470902001","360470902001",1
"1971","360470902002","360470902002",1
"1972","360470902003","360470902003",1
"1973","360470902004","360470902004",1
"1974","360470902005","360470902005",1
"1975","360470906001","360470906001",1
"1976","360470906002","360470906002",1
"1977","360470906003","360470906003",1
"1978","360470908001","360470908001",1
"1979","360470908002","360470908002",1
"1980","360470908003","360470908003",1
"1981","360470910001","360470910001",1
"1982","360470910002","360470910002",1
"1983","360470910003","360470910003",1
"1984","360470910004","360470910004",1
"1985","360470912001","360470912001",1
"1986","360470912002","360470912002",1
"1987","360470912003","360470912003",1
"1988","360470916001","360470916001",1
"1989","360470916002","360470916002",1
"1990","360470916003","360470916003",1
"1991","360470916004","360470916004",1
"1992","360470918001","360470918001",1
"1993","360470918002","360470918002",1
"1994","360470920001","360470920001",1
"1995","360470920002","360470920002",1
"1996","360470920003","360470920003",1
"1997","360470920003","360470920004",0
"1998","360470922001","360470922001",1
"1999","360470922002","360470922002",1
"2000","360470924001","360470924001",1
"2001","360470924002","360470924002",1
"2002","360470924003","360470924003",1
"2003","360470928001","360470928001",1
"2004","360470928002","360470928002",0.941626129256428
"2005","360470928002","360470928003",0.0583738707435719
"2006","360470930001","360470930001",1
"2007","360470930002","360470930002",1
"2008","360470932001","360470932001",1
"2009","360470934001","360470934001",1
"2010","360470934002","360470934002",1
"2011","360470936001","360470936001",1
"2012","360470936002","360470936002",1
"2013","360470938001","360470938001",1
"2014","360470938002","360470938002",1
"2015","360470944011","360470944011",1
"2016","360470944012","360470944012",1
"2017","360470944013","360470944013",1
"2018","360470944014","360470944014",1
"2019","360470944021","360470944021",1
"2020","360470946001","360470946001",1
"2021","360470946002","360470946002",1
"2022","360470946003","360470946003",1
"2023","360470950001","360470950001",1
"2024","360470950002","360470950002",1
"2025","360470954001","360470954001",1
"2026","360470954002","360470954002",1
"2027","360470954003","360470954003",1
"2028","360470956001","360470956001",1
"2029","360470956002","360470956002",1
"2030","360470958001","360470958001",1
"2031","360470958002","360470958002",1
"2032","360470960001","360470960001",NA
"2033","360470962001","360470962001",1
"2034","360470964001","360470964001",1
"2035","360470964002","360470964002",1
"2036","360470966001","360470966001",1
"2037","360470966002","360470966002",1
"2038","360470968001","360470968001",1
"2039","360470968002","360470968002",1
"2040","360470970001","360470970001",1
"2041","360470970002","360470970002",1
"2042","360470974001","360470974001",1
"2043","360470974002","360470974002",1
"2044","360470982001","360470982001",1
"2045","360470982002","360470982002",1
"2046","360470984001","360470984001",1
"2047","360470986001","360470986001",1
"2048","360470986002","360470986002",1
"2049","360470988001","360470988001",1
"2050","360470988002","360470988002",1
"2051","360470990001","360470990001",1
"2052","360470992001","360470992001",1
"2053","360470994001","360470994001",1
"2054","360470996001","360470996001",1
"2055","360470996002","360470996002",1
"2056","360470998001","360470998001",1
"2057","360470998002","360470998002",1
"2058","360471004001","360471004001",1
"2059","360471006001","360471006001",1
"2060","360471006002","360471006002",1
"2061","360471008001","360471008001",1
"2062","360471008002","360471008002",1
"2063","360471010001","360471010001",1
"2064","360471010002","360471010002",1
"2065","360471012001","360471012001",1
"2066","360471012002","360471012002",1
"2067","360471014001","360471014001",1
"2068","360471014002","360471014002",1
"2069","360471016001","360471016001",1
"2070","360471018001","360471018001",1
"2071","360471020001","360471020001",1
"2072","360471022001","360471022001",1
"2073","360471024001","360471024001",1
"2074","360471026001","360471026001",1
"2075","360471028000","360471028020",NA
"2076","360471028001","360471028011",1
"2077","360471028001","360471028021",0
"2078","360471028002","360471028011",1
"2079","360471034000","360471034020",NA
"2080","360471034001","360471034011",0.603288062902
"2081","360471034001","360471034012",0.396711937098
"2082","360471034001","360471034021",0
"2083","360471058011","360471058011",1
"2084","360471058012","360471058012",1
"2085","360471058013","360471058013",1
"2086","360471058041","360471058041",1
"2087","360471058042","360471058042",1
"2088","360471058043","360471058043",1
"2089","360471058044","360471058044",1
"2090","360471070000","360471070020",NA
"2091","360471070001","360471070011",0.999999999999783
"2092","360471070001","360471070021",0
"2093","360471070001","360471070031",0
"2094","360471078001","360471078001",1
"2095","360471078002","360471078002",1
"2096","360471078003","360471078003",1
"2097","360471078004","360471078004",1
"2098","360471098001","360471098004",0
"2099","360471098001","360471098005",1
"2100","360471098002","360471098001",0
"2101","360471098002","360471098002",1
"2102","360471098002","360471098003",0
"2103","360471104001","360471104001",1
"2104","360471104002","360471104002",1
"2105","360471104003","360471104003",1
"2106","360471104004","360471104004",1
"2107","360471106001","360471106001",1
"2108","360471106002","360471106002",1
"2109","360471110001","360471110001",1
"2110","360471110002","360471110002",1
"2111","360471116001","360471116001",1
"2112","360471116002","360471116002",1
"2113","360471118001","360471118001",1
"2114","360471118002","360471118002",1
"2115","360471120001","360471120001",1
"2116","360471120002","360471120002",1
"2117","360471122001","360471122001",1
"2118","360471122002","360471122002",1
"2119","360471124001","360471124001",1
"2120","360471124002","360471124002",1
"2121","360471124003","360471124003",1
"2122","360471126001","360471126001",1
"2123","360471126002","360471126002",1
"2124","360471126003","360471126003",1
"2125","360471128001","360471128001",1
"2126","360471128002","360471128002",1
"2127","360471128003","360471128003",1
"2128","360471130001","360471130001",1
"2129","360471130002","360471130002",1
"2130","360471130003","360471130003",1
"2131","360471130004","360471130004",1
"2132","360471132001","360471132002",1
"2133","360471132001","360471132003",0
"2134","360471132002","360471132001",1
"2135","360471134001","360471134001",1
"2136","360471134002","360471134002",1
"2137","360471134003","360471134003",1
"2138","360471142011","360471142011",1
"2139","360471142012","360471142012",1
"2140","360471142021","360471142021",1
"2141","360471142022","360471142022",1
"2142","360471144001","360471144001",1
"2143","360471144002","360471144002",1
"2144","360471144003","360471144003",1
"2145","360471144004","360471144004",1
"2146","360471146001","360471146001",1
"2147","360471146002","360471146002",1
"2148","360471150001","360471150001",1
"2149","360471150002","360471150002",1
"2150","360471150003","360471150003",1
"2151","360471152001","360471152001",1
"2152","360471152002","360471152002",1
"2153","360471152003","360471152003",1
"2154","360471156001","360471156001",1
"2155","360471156002","360471156002",1
"2156","360471156003","360471156003",1
"2157","360471156004","360471156004",1
"2158","360471158001","360471158001",1
"2159","360471158002","360471158002",1
"2160","360471158003","360471158003",1
"2161","360471160001","360471160001",1
"2162","360471160002","360471160002",1
"2163","360471160003","360471160003",1
"2164","360471162001","360471162001",1
"2165","360471162002","360471162002",1
"2166","360471162003","360471162003",1
"2167","360471164001","360471164001",1
"2168","360471164002","360471164002",1
"2169","360471164003","360471164003",1
"2170","360471166001","360471166001",1
"2171","360471166002","360471166002",1
"2172","360471166003","360471166003",1
"2173","360471168001","360471168001",1
"2174","360471168002","360471168002",1
"2175","360471170001","360471170001",1
"2176","360471170002","360471170002",1
"2177","360471172011","360471172011",1
"2178","360471172012","360471172012",1
"2179","360471172021","360471172021",1
"2180","360471172022","360471172022",1
"2181","360471174001","360471174001",1
"2182","360471174002","360471174002",1
"2183","360471176011","360471176011",1
"2184","360471176012","360471176012",1
"2185","360471176021","360471176021",1
"2186","360471176022","360471176022",1
"2187","360471178001","360471178001",1
"2188","360471180001","360471180001",1
"2189","360471182011","360471182011",1
"2190","360471182012","360471182012",1
"2191","360471182021","360471182021",1
"2192","360471182022","360471182022",1
"2193","360471184001","360471184001",1
"2194","360471184002","360471184002",1
"2195","360471184003","360471184003",1
"2196","360471186001","360471186001",1
"2197","360471186002","360471186002",1
"2198","360471188001","360471188001",1
"2199","360471188002","360471188002",1
"2200","360471188003","360471188003",1
"2201","360471190001","360471190001",1
"2202","360471190002","360471190002",1
"2203","360471192001","360471192001",1
"2204","360471192002","360471192002",1
"2205","360471192003","360471192003",1
"2206","360471194001","360471194001",1
"2207","360471194002","360471194002",1
"2208","360471194003","360471194003",1
"2209","360471196001","360471196001",1
"2210","360471196002","360471196002",1
"2211","360471196003","360471196003",1
"2212","360471196004","360471196004",1
"2213","360471198001","360471198001",1
"2214","360471198002","360471198002",1
"2215","360471198003","360471198003",1
"2216","360471200001","360471200001",1
"2217","360471200002","360471200002",1
"2218","360471202001","360471202001",1
"2219","360471202002","360471202002",1
"2220","360471208001","360471208011",0.469121813031161
"2221","360471208001","360471208013",0.530878186968838
"2222","360471208002","360471208012",0.428804347826087
"2223","360471208002","360471208014",0.571195652173913
"2224","360471208003","360471208021",1
"2225","360471208004","360471208022",1
"2226","360471208005","360471208031",1
"2227","360471210001","360471210001",1
"2228","360471210002","360471210002",1
"2229","360471214001","360471214001",1
"2230","360471214002","360471214002",1
"2231","360471220001","360471220001",1
"2232","360471220002","360471220002",1
"2233","360471237001","360471237001",1
"2234","360471237002","360471237002",1
"2235","360471237003","360471237003",1
"2236","360471502001","360470500012",0
"2237","360471502001","360471502001",1
"2238","360471502002","360471502002",1
"2239","360471502003","360471502003",1
"2240","360471522001","360471522001",1
"2241","360471522002","360471522002",1
"2242","360471522003","360471522003",1
"2243","360479901000","360479901000",NA
