"blk_group10","blk_group20","weight"
"360470001001","360470001001",1
"360470001002","360470001002",1
"360470001003","360470001003",1
"360470001004","360470001004",1
"360470002001","360470002001",1
"360470003011","360470003011",1
"360470003012","360470003012",1
"360470003013","360470003013",1
"360470003014","360470003014",1
"360470003015","360470003015",1
"360470005011","360470005011",1
"360470005012","360470005012",1
"360470005013","360470005013",1
"360470005021","360470005021",1
"360470005022","360470005022",1
"360470007001","360470007001",1
"360470007002","360470007002",1
"360470007003","360470007003",1
"360470009001","360470009001",1
"360470009002","360470009002",1
"360470011001","360470011001",1
"360470013001","360470013001",1
"360470013002","360470013002",1
"360470015001","360470015011",1
"360470015001","360470015012",0
"360470015002","360470015012",1
"360470015003","360470015021",1
"360470018000","360470018010",NA
"360470018000","360470018020",NA
"360470018000","360470018030",NA
"360470018000","360470018040",NA
"360470018001","360470018011",0.00760095011876485
"360470018001","360470018012",0.992399049881235
"360470018001","360470018021",0
"360470018001","360470018031",0
"360470018001","360470018041",0
"360470020001","360470020001",1
"360470020002","360470020002",1
"360470021001","360470021001",1
"360470021002","360470021002",0.999999999999997
"360470021003","360470021003",1
"360470022001","360470022001",1
"360470022002","360470022002",0.998372143546738
"360470022002","360470074004",0.00162785645326242
"360470022003","360470022003",0.621730382293763
"360470022003","360470022004",0.378269617706237
"360470023001","360470023001",1
"360470023002","360470023002",1
"360470023003","360470023003",1
"360470029011","360470029011",1
"360470029012","360470029012",1
"360470030001","360470030001",1
"360470030002","360470030002",1
"360470031001","360470031011",1
"360470031002","360470031012",1
"360470031003","360470031013",1
"360470031003","360470031021",0
"360470033001","360470033001",1
"360470033002","360470033002",1
"360470034000","360470034000",NA
"360470034001","360470034001",1
"360470034002","360470034002",1
"360470034003","360470034003",1
"360470035001","360470035001",1
"360470035002","360470035002",1
"360470036001","360470036001",1
"360470036002","360470036002",1
"360470036003","360470036003",1
"360470037001","360470037001",1
"360470038000","360470038000",NA
"360470038001","360470038001",1
"360470039001","360470039001",1
"360470039002","360470039002",1
"360470039003","360470039003",1
"360470041001","360470041001",1
"360470041002","360470041002",1
"360470041003","360470041003",1
"360470043001","360470043001",1
"360470043002","360470043002",1
"360470043003","360470043003",1
"360470043004","360470043004",1
"360470044000","360470044000",NA
"360470044001","360470044001",1
"360470044002","360470044002",1
"360470045001","360470045001",1
"360470045002","360470045002",1
"360470045003","360470045003",1
"360470045004","360470045004",1
"360470046000","360470046000",NA
"360470046001","360470046001",1
"360470047001","360470047001",1
"360470049001","360470049001",1
"360470049002","360470049002",1
"360470049003","360470049003",1
"360470050000","360470050000",NA
"360470050001","360470050001",1
"360470050002","360470050002",1
"360470050003","360470050003",1
"360470051001","360470051001",1
"360470051002","360470051002",1
"360470051003","360470051003",1
"360470052010","360470052010",NA
"360470052011","360470052011",1
"360470052020","360470052020",NA
"360470052021","360470052021",1
"360470052022","360470052022",1
"360470053000","360470053010",NA
"360470053000","360470053020",NA
"360470053001","360470053011",0.488970588235294
"360470053001","360470053012",0.441176470588235
"360470053001","360470053021",0.0698529411764706
"360470053001","360470053022",0
"360470053001","360470053031",0
"360470053002","360470053011",1
"360470053003","360470053011",0.573055028462998
"360470053003","360470053012",0.426944971537002
"360470053004","360470053012",1
"360470053004","360470053023",0
"360470054000","360470054000",NA
"360470054001","360470054001",1
"360470054002","360470054002",1
"360470054003","360470054003",1
"360470056010","360470056010",NA
"360470056011","360470056011",1
"360470056012","360470056012",1
"360470056020","360470056020",NA
"360470056021","360470056021",1
"360470058001","360470058001",1
"360470058002","360470058002",1
"360470058003","360470058003",1
"360470059001","360470059001",1
"360470059002","360470051003",0
"360470059002","360470059002",1
"360470060001","360470060001",1
"360470060002","360470060002",1
"360470060003","360470060003",1
"360470062001","360470062001",1
"360470062002","360470062002",1
"360470062003","360470062003",1
"360470063001","360470063001",1
"360470063002","360470063002",1
"360470064001","360470064001",1
"360470064002","360470064002",1
"360470064003","360470064003",1
"360470065001","360470065001",1
"360470065002","360470065002",1
"360470065003","360470065003",1
"360470065004","360470065004",1
"360470065005","360470065005",1
"360470065006","360470065006",1
"360470065007","360470065007",1
"360470066001","360470066001",1
"360470066002","360470066002",1
"360470066003","360470066003",1
"360470067001","360470067001",1
"360470067002","360470067002",1
"360470067003","360470067003",1
"360470067004","360470067004",1
"360470067005","360470067005",1
"360470068001","360470068001",1
"360470068002","360470068002",1
"360470068003","360470068003",1
"360470068004","360470068004",1
"360470069001","360470069011",1
"360470069002","360470069021",1
"360470069003","360470069022",1
"360470069004","360470069012",1
"360470070001","360470070001",0.99999999999997
"360470070002","360470070002",1
"360470071001","360470071001",1
"360470071002","360470071001",0.60806916426513
"360470071002","360470071002",0.39193083573487
"360470071003","360470071002",1
"360470071004","360470071003",1
"360470072001","360470072001",1
"360470074001","360470074001",1
"360470074002","360470074002",1
"360470074003","360470074003",1
"360470074004","360470074004",1
"360470075001","360470075001",1
"360470075002","360470075002",1
"360470075003","360470075003",1
"360470075004","360470075004",1
"360470075005","360470075005",1
"360470076001","360470076001",1
"360470076002","360470076002",1
"360470076003","360470076003",1
"360470077001","360470077001",1
"360470077002","360470077002",1
"360470077003","360470053021",0
"360470077003","360470077003",1
"360470077004","360470077004",1
"360470078001","360470078001",1
"360470078002","360470078002",1
"360470078003","360470078003",1
"360470078004","360470078004",1
"360470080001","360470080001",1
"360470080002","360470080002",1
"360470080003","360470080003",1
"360470082001","360470082001",1
"360470082002","360470082002",1
"360470082003","360470082003",1
"360470084001","360470084001",1
"360470084002","360470084002",1
"360470084003","360470084003",1
"360470085001","360470085001",1
"360470085002","360470085002",1
"360470085003","360470085003",1
"360470086001","360470086001",NA
"360470088001","360470088001",1
"360470088002","360470088002",1
"360470090001","360470090011",1
"360470090002","360470090021",1
"360470092001","360470092011",0.411314083677077
"360470092001","360470092021",0.588685916322923
"360470092002","360470092012",0.305258033106134
"360470092002","360470092021",0.694741966893866
"360470092003","360470092012",0.351863164324985
"360470092003","360470092022",0.648136835675015
"360470094001","360470094021",0.627190653212958
"360470094001","360470094022",0.372809346787042
"360470094002","360470094012",0.626980728051392
"360470094002","360470094022",0.373019271948608
"360470094003","360470094011",1
"360470096001","360470096001",1
"360470096002","360470096002",1
"360470096003","360470096003",1
"360470096004","360470096004",1
"360470098001","360470098001",1
"360470098002","360470098002",1
"360470098003","360470098003",1
"360470098004","360470098004",1
"360470100001","360470100001",1
"360470100002","360470100002",1
"360470100003","360470100003",1
"360470100004","360470100004",1
"360470101001","360470101001",1
"360470101002","360470101002",1
"360470101003","360470101003",1
"360470102001","360470102001",1
"360470102002","360470102002",1
"360470102003","360470102003",1
"360470104001","360470104021",0.281805745554036
"360470104001","360470104022",0.718194254445964
"360470104002","360470104012",0.588888888888889
"360470104002","360470104021",0.411111111111111
"360470104003","360470104011",0.621052631578947
"360470104003","360470104012",0.378947368421053
"360470106001","360470106021",0.385835095137421
"360470106001","360470106022",0.614164904862579
"360470106002","360470106012",0.695121951219512
"360470106002","360470106021",0.304878048780488
"360470106003","360470106011",1
"360470108001","360470108011",0.749664429530201
"360470108001","360470108022",0.250335570469799
"360470108002","360470108021",0.493975903614458
"360470108002","360470108022",0.506024096385542
"360470108003","360470108012",0.680976050610032
"360470108003","360470108021",0.319023949389968
"360470110001","360470110001",1
"360470110002","360470110002",1
"360470112001","360470112001",1
"360470112002","360470112002",1
"360470112003","360470112003",1
"360470112004","360470112004",1
"360470114001","360470114001",1
"360470114002","360470114002",1
"360470114003","360470114003",1
"360470116001","360470116001",1
"360470116002","360470116002",1
"360470116003","360470116003",1
"360470117001","360470117001",1
"360470117002","360470117002",1
"360470117003","360470117002",0.0445544554455446
"360470117003","360470117003",0.955445544554455
"360470118001","360470118001",0
"360470118001","360470118003",1
"360470118002","360470118001",0
"360470118002","360470118002",1
"360470119001","360470119011",1
"360470119001","360470119021",0
"360470119002","360470119012",1
"360470119003","360470119012",1
"360470120001","360470120001",1
"360470121001","360470121001",1
"360470121002","360470121002",1
"360470122001","360470122001",1
"360470122002","360470122002",1
"360470122003","360470122003",0
"360470122003","360470122004",1
"360470126001","360470126001",1
"360470126002","360470126002",1
"360470126003","360470126003",1
"360470127001","360470127001",1
"360470127002","360470127002",1
"360470127003","360470127003",1
"360470128011","360470128011",1
"360470129011","360470129011",0
"360470129011","360470129014",1
"360470129011","360470129022",0
"360470129012","360470129012",1
"360470129013","360470129013",1
"360470129021","360470129022",1
"360470129022","360470129022",1
"360470129023","360470129021",1
"360470130001","360470130001",1
"360470130002","360470130002",1
"360470130003","360470130003",1
"360470130004","360470130004",1
"360470131001","360470131001",1
"360470131002","360470131002",1
"360470131003","360470131003",1
"360470131004","360470131004",1
"360470132001","360470132001",1
"360470132002","360470132002",1
"360470133001","360470133001",1
"360470133002","360470133002",1
"360470133003","360470133003",1
"360470133004","360470133004",1
"360470134001","360470134001",1
"360470134002","360470134002",1
"360470134003","360470134003",1
"360470135001","360470135001",1
"360470135002","360470135002",1
"360470135003","360470135003",1
"360470136001","360470136001",1
"360470136002","360470136002",1
"360470136003","360470136003",1
"360470136004","360470136004",1
"360470137001","360470137001",1
"360470137002","360470137002",1
"360470137003","360470137003",1
"360470138001","360470138001",1
"360470138002","360470138002",1
"360470138003","360470138003",1
"360470139001","360470139001",1
"360470139002","360470139002",1
"360470139003","360470139003",1
"360470139004","360470139004",1
"360470140001","360470140001",1
"360470140002","360470140002",1
"360470141001","360470141011",0.691869918699187
"360470141001","360470141022",0.308130081300813
"360470141002","360470141021",0.491248541423571
"360470141002","360470141022",0.508751458576429
"360470141003","360470141011",0.543010752688172
"360470141003","360470141021",0.456989247311828
"360470142001","360470142001",1
"360470142002","360470142002",1
"360470142003","360470142003",1
"360470143001","360470143001",1
"360470143002","360470143002",1
"360470143003","360470143003",1
"360470145001","360470145001",1
"360470145002","360470145002",1
"360470145003","360470145003",1
"360470145004","360470145004",1
"360470147001","360470147001",1
"360470147002","360470147002",1
"360470148001","360470148001",1
"360470148002","360470148002",1
"360470149001","360470149011",0.425609756097561
"360470149001","360470149012",0.574390243902439
"360470149002","360470149011",0.369047619047619
"360470149002","360470149012",0.162698412698413
"360470149002","360470149021",0.468253968253968
"360470149003","360470149021",1
"360470149004","360470149022",1
"360470149005","360470149023",1
"360470150001","360470150001",1
"360470150002","360470150002",1
"360470151001","360470151001",1
"360470151002","360470151002",1
"360470151003","360470151003",1
"360470151004","360470151004",1
"360470152001","360470152001",1
"360470152002","360470152002",1
"360470152003","360470152003",1
"360470153001","360470153001",1
"360470153002","360470153002",1
"360470153003","360470153003",1
"360470153004","360470153004",1
"360470154001","360470154001",NA
"360470155001","360470155001",1
"360470155002","360470155002",1
"360470155003","360470155003",1
"360470155004","360470155004",1
"360470157001","360470157001",1
"360470157002","360470157002",1
"360470157003","360470157003",1
"360470157004","360470157004",1
"360470159001","360470159005",0.0565055762081784
"360470159001","360470159006",0.943494423791822
"360470159002","360470159001",1
"360470159003","360470159002",1
"360470159004","360470159003",1
"360470159005","360470159004",1
"360470160001","360470160001",1
"360470160002","360470160002",1
"360470160003","360470160003",1
"360470160004","360470160004",1
"360470161001","360470161002",0
"360470161001","360470161003",1
"360470161002","360470161001",1
"360470161003","360470161001",0.16953316953317
"360470161003","360470161004",0.83046683046683
"360470162001","360470162001",1
"360470162001","360470162002",0
"360470162002","360470162002",1
"360470163001","360470163001",0
"360470163001","360470163002",1
"360470163002","360470163002",0.48294930875576
"360470163002","360470163003",0.51705069124424
"360470163003","360470163003",0.560897435897436
"360470163003","360470163004",0.439102564102564
"360470164000","360470164000",NA
"360470164001","360470164001",1
"360470165001","360470165001",1
"360470165002","360470165002",1
"360470165003","360470165003",1
"360470165004","360470165004",1
"360470166001","360470166001",1
"360470166002","360470166002",1
"360470167001","360470167001",1
"360470167002","360470167002",1
"360470167003","360470167003",1
"360470167004","360470167004",1
"360470168000","360470168000",NA
"360470168001","360470168001",1
"360470169001","360470169001",1
"360470169002","360470169002",1
"360470169003","360470169003",1
"360470169004","360470169004",1
"360470169005","360470169005",1
"360470170001","360470170001",1
"360470170002","360470170002",1
"360470170003","360470170003",1
"360470171001","360470171001",1
"360470171002","360470171002",1
"360470171003","360470171003",1
"360470171004","360470171004",1
"360470172001","360470172001",1
"360470172002","360470172002",1
"360470174000","360470174000",NA
"360470174001","360470174001",1
"360470174002","360470174002",1
"360470175001","360470175001",1
"360470176000","360470176000",NA
"360470176001","360470176001",1
"360470176002","360470176002",1
"360470177001","360470177001",NA
"360470178001","360470178001",1
"360470178002","360470178002",1
"360470179001","360470179001",1
"360470179002","360470179002",1
"360470179003","360470179003",1
"360470180001","360470180001",1
"360470180002","360470180002",1
"360470181001","360470181001",1
"360470181002","360470181002",1
"360470181003","360470181003",1
"360470181004","360470181004",1
"360470182001","360470182001",1
"360470182002","360470182002",1
"360470183001","360470183001",1
"360470183002","360470183002",1
"360470183003","360470183003",1
"360470184001","360470184001",1
"360470184002","360470184002",1
"360470185011","360470185011",1
"360470185012","360470185012",1
"360470185013","360470185013",1
"360470185014","360470185014",1
"360470186001","360470186001",1
"360470186002","360470186002",1
"360470187001","360470187001",1
"360470188001","360470188001",1
"360470188002","360470188002",1
"360470190001","360470190001",1
"360470190002","360470190002",1
"360470190003","360470190003",1
"360470191001","360470191001",1
"360470191002","360470191002",1
"360470191003","360470191002",0.268269230769231
"360470191003","360470191003",0.731730769230769
"360470192001","360470192001",0.632534024627349
"360470192001","360470192002",0.367465975372651
"360470192002","360470192002",0.201790073230269
"360470192002","360470192003",0.78193653376729
"360470192002","360470192004",0.016273393002441
"360470193001","360470193001",0.158762886597938
"360470193001","360470193002",0.841237113402062
"360470193002","360470193004",1
"360470193003","360470193003",1
"360470193004","360470193001",1
"360470194001","360470194001",1
"360470194002","360470194002",1
"360470194003","360470194003",1
"360470195001","360470195001",1
"360470195002","360470195002",1
"360470195003","360470195003",1
"360470195004","360470195004",1
"360470196001","360470196001",1
"360470196002","360470196002",1
"360470196003","360470196003",1
"360470197001","360470197001",1
"360470197002","360470197002",1
"360470197003","360470197003",1
"360470197004","360470197004",1
"360470198001","360470198001",1
"360470198002","360470198002",1
"360470199001","360470199001",1
"360470199002","360470199002",1
"360470199003","360470199003",1
"360470199004","360470199004",1
"360470200001","360470200001",1
"360470200002","360470200002",1
"360470201001","360470201001",1
"360470201002","360470201002",1
"360470201003","360470201003",1
"360470201004","360470201004",1
"360470202001","360470202001",1
"360470202002","360470202002",1
"360470203001","360470203001",1
"360470203002","360470203002",1
"360470204001","360470204001",1
"360470204002","360470204002",1
"360470205001","360470205001",1
"360470205002","360470205002",1
"360470205003","360470205003",1
"360470206001","360470206001",1
"360470206002","360470206002",1
"360470207001","360470207001",1
"360470207002","360470207002",1
"360470207003","360470207003",1
"360470208001","360470208001",1
"360470208002","360470208002",1
"360470208003","360470208003",1
"360470210001","360470210001",1
"360470210002","360470210002",1
"360470210003","360470210003",1
"360470211001","360470211001",1
"360470211002","360470211002",1
"360470212001","360470212001",1
"360470212002","360470212002",1
"360470212003","360470212003",1
"360470213001","360470213001",1
"360470213002","360470213002",1
"360470213003","360470213003",1
"360470214001","360470214001",0
"360470214001","360470214002",1
"360470214002","360470214001",0.0132113821138211
"360470214002","360470214003",0.986788617886179
"360470215001","360470215001",1
"360470215002","360470215002",1
"360470215003","360470215003",1
"360470215004","360470215004",1
"360470216001","360470216001",1
"360470216002","360470216002",1
"360470216003","360470216003",1
"360470217001","360470217001",1
"360470217002","360470217002",1
"360470218001","360470218001",1
"360470218002","360470218002",1
"360470218003","360470218003",1
"360470219001","360470219001",1
"360470219002","360470219002",1
"360470219003","360470219003",1
"360470220001","360470220001",1
"360470220002","360470220002",1
"360470220003","360470220003",1
"360470220004","360470220004",1
"360470221001","360470221001",1
"360470221002","360470221002",1
"360470221003","360470221003",1
"360470222001","360470222001",1
"360470222002","360470222002",1
"360470222003","360470222003",1
"360470224001","360470224001",1
"360470224002","360470224002",1
"360470224003","360470224003",1
"360470224004","360470224004",1
"360470226001","360470226001",1
"360470226002","360470226002",1
"360470227001","360470227001",1
"360470227002","360470227002",1
"360470227003","360470227004",1
"360470227004","360470227003",0.733545647558386
"360470227004","360470227004",0.266454352441614
"360470228001","360470228001",1
"360470228002","360470228002",1
"360470228003","360470228003",1
"360470229001","360470229001",1
"360470229002","360470229002",1
"360470229003","360470229003",1
"360470229004","360470229004",1
"360470230001","360470230001",1
"360470230002","360470230002",1
"360470230003","360470230003",1
"360470231001","360470231001",1
"360470231002","360470231002",1
"360470231003","360470231003",1
"360470232001","360470232001",1
"360470232002","360470232002",1
"360470232003","360470232003",1
"360470232004","360470232004",1
"360470232005","360470232005",1
"360470233001","360470233001",1
"360470233002","360470233002",1
"360470233003","360470233002",0.00646389065166621
"360470233003","360470233003",0.993536109348334
"360470234001","360470234001",1
"360470234002","360470234002",1
"360470234003","360470234003",1
"360470235001","360470235001",1
"360470235002","360470235002",1
"360470236001","360470236001",1
"360470236002","360470236002",1
"360470236003","360470236003",1
"360470236004","360470236004",1
"360470238001","360470238001",1
"360470238002","360470238002",1
"360470238003","360470238003",1
"360470240001","360470240001",1
"360470240002","360470240002",1
"360470240003","360470240003",1
"360470241001","360470241001",1
"360470241002","360470241002",1
"360470242001","360470242001",1
"360470242002","360470242002",1
"360470243001","360470243001",1
"360470243002","360470243002",1
"360470243003","360470243003",1
"360470244001","360470244001",1
"360470244002","360470244002",1
"360470244003","360470244003",1
"360470245001","360470245001",1
"360470245002","360470245002",1
"360470245003","360470245003",1
"360470245004","360470245004",1
"360470246001","360470246001",1
"360470246002","360470246002",1
"360470246003","360470246003",1
"360470247001","360470247001",1
"360470247002","360470247002",1
"360470248001","360470248001",1
"360470248002","360470248002",1
"360470249001","360470249001",1
"360470249002","360470249002",1
"360470249003","360470249003",1
"360470249004","360470249004",1
"360470250001","360470250001",1
"360470250002","360470250002",1
"360470251001","360470251001",1
"360470251002","360470251002",1
"360470251003","360470251003",1
"360470252001","360470252001",1
"360470252002","360470252002",1
"360470252003","360470252003",1
"360470252004","360470252004",1
"360470253001","360470253001",1
"360470253002","360470253002",1
"360470253003","360470253003",1
"360470254001","360470254001",1
"360470254002","360470254002",1
"360470254003","360470254003",1
"360470255001","360470255001",1
"360470255002","360470255002",1
"360470256001","360470256001",1
"360470256002","360470256002",1
"360470257001","360470257001",1
"360470257002","360470257002",1
"360470257003","360470257003",1
"360470258001","360470258001",1
"360470258002","360470258002",1
"360470258003","360470258003",1
"360470259011","360470259011",1
"360470259021","360470259021",1
"360470260001","360470260001",1
"360470260002","360470260002",1
"360470260003","360470260003",1
"360470261001","360470261001",1
"360470261002","360470261002",1
"360470261003","360470261003",1
"360470261004","360470261004",1
"360470261005","360470261005",1
"360470262001","360470262001",1
"360470262002","360470262002",0.999999999999794
"360470263001","360470263001",1
"360470264001","360470264001",1
"360470264002","360470264002",1
"360470264003","360470264003",1
"360470264004","360470264004",1
"360470265001","360470265001",1
"360470265002","360470265002",1
"360470265003","360470265003",1
"360470265004","360470265004",1
"360470266001","360470266001",1
"360470266002","360470266002",1
"360470266003","360470266003",1
"360470267001","360470267001",1
"360470267002","360470267002",1
"360470267003","360470267003",1
"360470267004","360470267004",1
"360470268001","360470268001",1
"360470268002","360470268002",1
"360470268003","360470268003",1
"360470268004","360470268004",1
"360470269001","360470269001",1
"360470269002","360470269002",1
"360470269003","360470269003",1
"360470270001","360470270001",1
"360470270002","360470270002",1
"360470271001","360470271001",1
"360470271002","360470271002",1
"360470272001","360470272001",1
"360470272002","360470272002",1
"360470272003","360470272003",1
"360470273001","360470273001",1
"360470273002","360470273002",1
"360470273003","360470273003",1
"360470274001","360470274001",1
"360470274002","360470274002",1
"360470275001","360470275001",1
"360470275002","360470275002",1
"360470275003","360470275003",1
"360470275004","360470275004",1
"360470276001","360470276001",1
"360470276002","360470276002",1
"360470276003","360470276003",1
"360470277001","360470277001",1
"360470277002","360470277002",1
"360470277003","360470277003",1
"360470277004","360470277004",1
"360470278001","360470278001",1
"360470278002","360470278002",1
"360470279001","360470279001",1
"360470279002","360470279002",1
"360470279003","360470279003",1
"360470279004","360470279004",1
"360470280000","360470280000",NA
"360470280001","360470280001",1
"360470280002","360470280002",1
"360470281001","360470281001",1
"360470281002","360470281002",1
"360470281003","360470281003",1
"360470282000","360470282000",NA
"360470282001","360470282001",1
"360470282002","360470282002",1
"360470282003","360470282003",1
"360470283001","360470283001",1
"360470283002","360470283002",1
"360470283003","360470283003",1
"360470284001","360470284001",1
"360470284002","360470284002",1
"360470284003","360470284003",1
"360470285011","360470285011",1
"360470285021","360470285021",1
"360470286000","360470286000",NA
"360470286001","360470286001",1
"360470286002","360470286002",1
"360470286003","360470286003",1
"360470286004","360470286004",1
"360470286005","360470286005",1
"360470287001","360470287001",1
"360470287002","360470287002",1
"360470287003","360470287003",1
"360470288001","360470288001",1
"360470288002","360470288002",1
"360470288003","360470288003",1
"360470289001","360470289001",1
"360470289002","360470289002",1
"360470289003","360470289003",1
"360470289004","360470289004",1
"360470290001","360470290001",1
"360470290002","360470290002",1
"360470290003","360470290003",1
"360470291001","360470291001",1
"360470291002","360470291002",1
"360470291003","360470291003",1
"360470292000","360470292000",NA
"360470292001","360470292002",1
"360470292001","360470292003",0
"360470292002","360470292001",1
"360470293001","360470293001",1
"360470293002","360470293002",1
"360470293003","360470293003",1
"360470293004","360470293004",1
"360470294000","360470294000",NA
"360470294001","360470294001",1
"360470295001","360470295001",1
"360470295002","360470295002",1
"360470295003","360470295003",1
"360470295004","360470295004",1
"360470296001","360470296001",1
"360470296002","360470296002",1
"360470296003","360470296003",1
"360470296004","360470296004",1
"360470297001","360470297001",1
"360470297002","360470297002",1
"360470297003","360470297003",1
"360470298001","360470298001",1
"360470298002","360470298002",1
"360470298003","360470298003",1
"360470299001","360470299001",1
"360470299002","360470299002",1
"360470300001","360470300001",0.53550135501355
"360470300001","360470300002",0.46449864498645
"360470300002","360470300003",0.386813186813187
"360470300002","360470300004",0.319120879120879
"360470300002","360470300005",0.294065934065934
"360470300002","360470300006",0
"360470301001","360470301001",1
"360470301002","360470301002",1
"360470301003","360470301003",1
"360470302001","360470302001",1
"360470302002","360470302002",1
"360470302003","360470302003",1
"360470303001","360470303001",1
"360470303002","360470303002",1
"360470303003","360470303003",1
"360470304000","360470304000",NA
"360470304001","360470304001",1
"360470304002","360470304002",1
"360470304003","360470304003",1
"360470305001","360470305001",1
"360470305002","360470305002",1
"360470305003","360470305003",1
"360470305004","360470305004",1
"360470306001","360470306001",1
"360470307001","360470307001",1
"360470307002","360470307002",1
"360470307003","360470307003",1
"360470308001","360470308001",0.998734527967399
"360470308001","360470314016",0.00126547203260133
"360470309001","360470309001",1
"360470309002","360470309002",1
"360470311001","360470311001",1
"360470311002","360470311002",1
"360470311003","360470311003",1
"360470313001","360470313001",1
"360470313002","360470313002",1
"360470313003","360470313003",1
"360470313004","360470313004",1
"360470314000","360470314010",NA
"360470314000","360470314020",NA
"360470314001","360470314011",1
"360470314002","360470314013",1
"360470314002","360470314014",0
"360470314002","360470314021",0
"360470314003","360470314012",1
"360470314004","360470314015",0.509183027232426
"360470314004","360470314016",0.490816972767574
"360470315001","360470315001",1
"360470315002","360470315002",1
"360470315003","360470315003",1
"360470315004","360470315004",1
"360470317011","360470317011",1
"360470317012","360470317012",1
"360470317013","360470317013",1
"360470317021","360470317021",1
"360470317022","360470317022",1
"360470317023","360470317023",1
"360470319001","360470319001",1
"360470319002","360470319002",1
"360470319003","360470319003",1
"360470321001","360470321001",1
"360470321002","360470321002",1
"360470321003","360470321003",1
"360470321004","360470321004",1
"360470323001","360470323001",1
"360470323002","360470323002",1
"360470323003","360470323003",1
"360470325001","360470325001",1
"360470325002","360470325002",1
"360470325003","360470325003",1
"360470326001","360470326001",1
"360470326002","360470326002",1
"360470326003","360470326003",1
"360470326004","360470326004",1
"360470326005","360470326005",1
"360470327001","360470327001",1
"360470327002","360470327002",1
"360470327003","360470327003",1
"360470328001","360470328001",1
"360470328002","360470328002",1
"360470328003","360470328003",1
"360470328004","360470328004",1
"360470329001","360470329001",1
"360470329002","360470329002",1
"360470329003","360470329003",1
"360470329004","360470329004",1
"360470330000","360470330000",NA
"360470330001","360470330001",1
"360470330002","360470330002",1
"360470330003","360470330003",1
"360470331001","360470331001",1
"360470331002","360470331002",1
"360470331003","360470331003",1
"360470333001","360470333001",1
"360470333002","360470333002",1
"360470333003","360470333003",1
"360470335001","360470335001",1
"360470335002","360470335002",1
"360470335003","360470335003",1
"360470336000","360470336000",NA
"360470336001","360470336001",1
"360470336002","360470336002",1
"360470336003","360470336003",1
"360470336004","360470336004",1
"360470336005","360470336005",1
"360470337001","360470337012",0.503856041131105
"360470337001","360470337022",0.496143958868895
"360470337002","360470337012",0.34012539184953
"360470337002","360470337021",0.200626959247649
"360470337002","360470337022",0.459247648902821
"360470337003","360470337011",0.735860409145608
"360470337003","360470337021",0.264139590854392
"360470339001","360470339001",1
"360470339002","360470339002",1
"360470339003","360470339003",1
"360470339004","360470339004",1
"360470340001","360470340001",1
"360470340002","360470340002",1
"360470341001","360470341001",1
"360470341002","360470341002",1
"360470341003","360470341003",1
"360470342001","360470342001",1
"360470342002","360470342002",1
"360470342003","360470342003",1
"360470342004","360470342004",1
"360470343001","360470343003",0.547416762342
"360470343001","360470343004",0.452583237658
"360470343002","360470343001",1
"360470343003","360470343002",1
"360470345001","360470345001",1
"360470345002","360470345002",1
"360470347001","360470347001",1
"360470347002","360470347002",1
"360470347003","360470347003",1
"360470348001","360470348001",1
"360470348002","360470348002",1
"360470349001","360470349011",0.683833116036506
"360470349001","360470349012",0.316166883963494
"360470349002","360470349012",0.534317984361425
"360470349002","360470349021",0.465682015638575
"360470349003","360470349021",0.576617480136209
"360470349003","360470349022",0.423382519863791
"360470349004","360470349023",1
"360470350001","360470350001",1
"360470350002","360470350002",1
"360470351001","360470351011",1
"360470351002","360470351011",0.319086219602063
"360470351002","360470351021",0.680913780397937
"360470351003","360470351021",0.47739969527679
"360470351003","360470351022",0.52260030472321
"360470352000","360470352000",NA
"360470352001","360470352001",1
"360470353001","360470353011",1
"360470353002","360470353012",0.42442645074224
"360470353002","360470353022",0.57557354925776
"360470353003","360470353021",0.611733333333333
"360470353003","360470353022",0.388266666666667
"360470354001","360470354001",1
"360470354002","360470354002",1
"360470354003","360470354003",1
"360470355001","360470355001",1
"360470355002","360470355002",1
"360470355003","360470355003",1
"360470356011","360470356011",1
"360470356021","360470356021",1
"360470356022","360470356022",1
"360470356023","360470356023",1
"360470357001","360470357011",1
"360470357001","360470357021",0
"360470359001","360470359001",1
"360470359002","360470359002",1
"360470359003","360470359003",1
"360470359004","360470359004",1
"360470360011","360470360011",1
"360470360012","360470360012",1
"360470360013","360470360013",1
"360470360021","360470360021",1
"360470360022","360470360022",1
"360470361001","360470361001",1
"360470361002","360470361002",1
"360470361003","360470361003",1
"360470362001","360470362001",1
"360470362002","360470362002",1
"360470362003","360470362003",1
"360470363001","360470363001",1
"360470363002","360470363002",1
"360470363003","360470363003",1
"360470363004","360470363004",1
"360470364001","360470364001",1
"360470364002","360470364002",1
"360470365011","360470365011",1
"360470365012","360470365012",1
"360470365021","360470365021",1
"360470366001","360470366001",1
"360470366002","360470366002",1
"360470366003","360470366003",1
"360470367001","360470367001",0.0201342281879195
"360470367001","360470367002",0.627037392138063
"360470367001","360470367003",0.352828379674017
"360470367002","360470367001",0.00763358778625954
"360470367002","360470367003",0.99236641221374
"360470367002","360470367004",0
"360470369001","360470369001",1
"360470369002","360470369002",1
"360470369003","360470369003",1
"360470369004","360470369004",1
"360470370001","360470370001",1
"360470370002","360470370002",1
"360470370003","360470370003",1
"360470370004","360470370004",1
"360470371001","360470371001",1
"360470371002","360470371002",1
"360470371003","360470371003",1
"360470371004","360470371004",1
"360470371005","360470371005",1
"360470373001","360470373001",1
"360470373002","360470373002",1
"360470373003","360470373003",1
"360470373004","360470373004",1
"360470374011","360470374012",0.607891491985203
"360470374011","360470374013",0.392108508014797
"360470374012","360470374011",0.519607843137255
"360470374012","360470374014",0.480392156862745
"360470374013","360470374015",1
"360470374021","360470374021",1
"360470374022","360470374022",1
"360470374023","360470374023",1
"360470374024","360470374024",1
"360470375001","360470375001",1
"360470375002","360470375002",1
"360470375003","360470375003",1
"360470377001","360470377001",1
"360470377002","360470377002",1
"360470377003","360470377003",1
"360470377004","360470377004",1
"360470379001","360470379001",1
"360470379002","360470379002",1
"360470379003","360470379003",1
"360470381001","360470381001",1
"360470381002","360470381002",1
"360470381003","360470381003",1
"360470381004","360470381004",1
"360470382001","360470382001",1
"360470382002","360470382002",1
"360470382003","360470382003",1
"360470383001","360470383001",1
"360470383002","360470383002",1
"360470383003","360470383003",1
"360470383004","360470383004",1
"360470385001","360470385001",1
"360470385002","360470385002",1
"360470385003","360470385003",1
"360470385004","360470385004",1
"360470386001","360470386001",1
"360470386002","360470386002",1
"360470387001","360470387001",1
"360470387002","360470387002",1
"360470387003","360470387003",1
"360470387004","360470387004",1
"360470388001","360470388001",1
"360470388002","360470388002",1
"360470388003","360470388003",1
"360470388004","360470388004",1
"360470389001","360470389001",1
"360470389002","360470389002",1
"360470389003","360470389003",1
"360470390001","360470390001",1
"360470390002","360470390002",1
"360470391001","360470391001",1
"360470391002","360470391002",1
"360470392001","360470392001",1
"360470392002","360470392002",1
"360470393001","360470393001",1
"360470393002","360470393002",1
"360470393003","360470393003",1
"360470394001","360470394001",1
"360470394002","360470394002",1
"360470394003","360470394003",1
"360470395001","360470395001",1
"360470395002","360470395002",1
"360470395003","360470395003",1
"360470396001","360470396001",1
"360470396002","360470396002",1
"360470397001","360470397001",1
"360470397002","360470397002",1
"360470397003","360470397003",1
"360470398001","360470398001",1
"360470398002","360470398002",1
"360470399001","360470399001",1
"360470399002","360470399002",1
"360470399003","360470399003",1
"360470400001","360470400001",1
"360470400002","360470400002",1
"360470400003","360470400003",1
"360470401001","360470401001",1
"360470401002","360470401002",1
"360470401003","360470401003",1
"360470402001","360470402003",0.575414781297134
"360470402001","360470402004",0.424585218702866
"360470402002","360470402001",0
"360470402002","360470402002",0.721357850070721
"360470402002","360470402004",0.278642149929279
"360470403001","360470403001",1
"360470403002","360470403002",1
"360470403003","360470403003",1
"360470404001","360470404001",1
"360470404002","360470404002",1
"360470405001","360470405001",1
"360470405002","360470405002",1
"360470406001","360470406001",1
"360470406002","360470406002",1
"360470406003","360470406003",1
"360470407001","360470407001",1
"360470408001","360470408001",1
"360470408002","360470408002",1
"360470408003","360470408003",1
"360470409001","360470409001",1
"360470409002","360470409002",1
"360470409003","360470409003",1
"360470410001","360470410001",1
"360470410002","360470410002",1
"360470411001","360470411001",1
"360470411002","360470411002",1
"360470411003","360470411003",1
"360470412001","360470412001",1
"360470412002","360470412002",1
"360470413001","360470413001",1
"360470413002","360470413002",1
"360470413003","360470413003",1
"360470414011","360470414011",1
"360470414012","360470414012",1
"360470414021","360470414021",1
"360470414022","360470414022",1
"360470415001","360470415001",1
"360470415002","360470415002",1
"360470415003","360470415003",1
"360470416001","360470416001",1
"360470416002","360470416002",1
"360470417001","360470417001",1
"360470417002","360470417002",1
"360470417003","360470417003",1
"360470417004","360470417004",1
"360470418001","360470418001",1
"360470418002","360470418002",1
"360470419001","360470419001",1
"360470419002","360470419002",1
"360470419003","360470419003",1
"360470420001","360470420001",1
"360470420002","360470420002",1
"360470421001","360470421001",1
"360470421002","360470421002",1
"360470421003","360470421003",1
"360470421004","360470421004",1
"360470422001","360470422001",1
"360470422002","360470422002",1
"360470422003","360470422003",1
"360470423001","360470423001",1
"360470423002","360470423002",1
"360470423003","360470423003",1
"360470424001","360470424001",1
"360470424002","360470424002",1
"360470424003","360470424003",1
"360470425001","360470425001",1
"360470425002","360470425002",1
"360470425003","360470425003",1
"360470426001","360470426001",1
"360470426002","360470426002",1
"360470426003","360470426003",1
"360470427001","360470427001",1
"360470427002","360470427002",1
"360470427003","360470427003",1
"360470427004","360470427004",1
"360470428001","360470428001",1
"360470428002","360470428002",1
"360470428003","360470428003",1
"360470429001","360470429001",1
"360470429002","360470429002",1
"360470429003","360470429003",1
"360470429004","360470429004",1
"360470430001","360470430001",1
"360470430002","360470430002",1
"360470430003","360470430003",1
"360470431001","360470431001",1
"360470431002","360470431002",1
"360470431003","360470431003",1
"360470431004","360470431004",1
"360470432001","360470432001",1
"360470432002","360470432002",1
"360470432003","360470432003",1
"360470433001","360470433001",1
"360470433002","360470433002",1
"360470433003","360470433003",1
"360470434001","360470434001",1
"360470434002","360470434002",1
"360470434002","360470434003",0
"360470434003","360470434003",1
"360470435001","360470435001",1
"360470435002","360470435002",1
"360470435003","360470435003",1
"360470436001","360470436001",1
"360470436002","360470436002",1
"360470436003","360470436003",1
"360470437001","360470437001",1
"360470437002","360470437002",1
"360470437003","360470437003",1
"360470437004","360470437004",1
"360470438001","360470438001",1
"360470438002","360470438002",1
"360470439001","360470439001",1
"360470439002","360470439002",1
"360470439003","360470439003",1
"360470440001","360470440001",1
"360470440002","360470440002",1
"360470440003","360470440003",1
"360470441001","360470441001",1
"360470441002","360470441002",1
"360470441003","360470441003",1
"360470442001","360470442001",1
"360470442002","360470442002",1
"360470443001","360470443001",1
"360470443002","360470443002",1
"360470443003","360470443003",1
"360470443004","360470443004",1
"360470444001","360470444001",1
"360470444002","360470444002",1
"360470444003","360470444003",1
"360470445001","360470445001",1
"360470445002","360470445002",1
"360470445003","360470445003",1
"360470446001","360470446002",1
"360470446002","360470446001",0.730607966457023
"360470446002","360470446002",0.269392033542977
"360470447001","360470447001",1
"360470447002","360470447002",1
"360470448001","360470446002",0
"360470448001","360470448001",1
"360470448002","360470448002",1
"360470449001","360470449011",1
"360470449002","360470449011",1
"360470449003","360470449012",1
"360470449004","360470449013",0.176470588235294
"360470449004","360470449014",0.764705882352941
"360470449004","360470449021",0
"360470449004","360470449022",0
"360470449004","360470449023",0.0588235294117647
"360470449004","360470485001",0
"360470450001","360470450001",1
"360470452001","360470452001",1
"360470452002","360470452002",1
"360470453001","360470453001",1
"360470453002","360470453002",1
"360470454001","360470454001",1
"360470454002","360470454002",1
"360470456001","360470456001",1
"360470456002","360470456002",1
"360470458001","360470458001",1
"360470458002","360470458002",1
"360470460001","360470460001",1
"360470460002","360470460002",1
"360470460003","360470460003",1
"360470462011","360470462011",0.889456869009585
"360470462011","360470462012",0.110543130990415
"360470462012","360470462011",0.143392689784442
"360470462012","360470462012",0.856607310215558
"360470462021","360470462021",1
"360470462022","360470462022",1
"360470464001","360470464001",1
"360470464002","360470464002",1
"360470468001","360470468001",1
"360470470001","360470470001",1
"360470470002","360470470002",1
"360470472001","360470472001",1
"360470472002","360470472002",1
"360470472003","360470472003",1
"360470474001","360470474001",1
"360470474002","360470474002",1
"360470476001","360470476001",1
"360470476002","360470476002",1
"360470476003","360470476003",1
"360470477001","360470477001",1
"360470477001","360470477002",0
"360470477002","360470477002",1
"360470478001","360470478001",1
"360470478002","360470478002",1
"360470478002","360470478003",0
"360470478003","360470478003",1
"360470480001","360470480001",1
"360470480002","360470480002",1
"360470481001","360470481001",1
"360470481002","360470481002",1
"360470481003","360470481003",1
"360470482001","360470482004",0.483464566929134
"360470482001","360470482005",0.516535433070866
"360470482002","360470482001",1
"360470482003","360470482002",1
"360470482004","360470482003",1
"360470484001","360470484001",1
"360470484002","360470484002",0.600239377618193
"360470484002","360470484003",0.399760622381807
"360470484003","360470484002",0.453416149068323
"360470484003","360470484003",0.546583850931677
"360470485001","360470485001",1
"360470485002","360470485002",1
"360470486001","360470486001",1
"360470486002","360470486002",1
"360470486003","360470486003",1
"360470488001","360470488001",1
"360470488002","360470488002",1
"360470488003","360470488003",1
"360470489001","360470489001",1
"360470489002","360470489002",1
"360470489003","360470489003",1
"360470490001","360470490001",1
"360470490002","360470490002",1
"360470490003","360470490003",1
"360470491001","360470491001",1
"360470491002","360470491002",1
"360470491003","360470491003",1
"360470491004","360470491004",1
"360470492001","360470492001",1
"360470492002","360470492002",1
"360470492003","360470492003",1
"360470493001","360470493011",1
"360470493002","360470493021",1
"360470493003","360470493022",1
"360470493004","360470493023",1
"360470493005","360470493024",1
"360470494001","360470494001",1
"360470494002","360470494002",1
"360470494003","360470494003",1
"360470494004","360470494004",1
"360470495001","360470495001",1
"360470495002","360470495002",1
"360470495003","360470495003",1
"360470496001","360470496001",1
"360470496002","360470496002",1
"360470496003","360470496003",1
"360470497001","360470497001",1
"360470497002","360470497002",1
"360470497003","360470497003",1
"360470498001","360470498001",1
"360470498002","360470498002",1
"360470498003","360470498003",1
"360470499001","360470499001",1
"360470499002","360470499002",1
"360470500001","360470500011",1
"360470500002","360470500012",1
"360470500002","360471502001",0
"360470500003","360470500021",1
"360470501001","360470501001",1
"360470501002","360470501002",1
"360470501003","360470501003",1
"360470502021","360470502021",1
"360470502022","360470502022",1
"360470503001","360470503001",1
"360470503002","360470503002",1
"360470503003","360470503003",1
"360470504001","360470502022",0
"360470504001","360470504011",1
"360470504002","360470500012",0
"360470504002","360470504012",1
"360470504003","360470504021",0.568829891838741
"360470504003","360470504022",0.431170108161259
"360470505001","360470505001",1
"360470505002","360470505002",1
"360470505003","360470505003",1
"360470506001","360470506001",1
"360470506002","360470506002",1
"360470506003","360470506003",1
"360470506004","360470506004",1
"360470507001","360470507001",1
"360470508011","360470508011",1
"360470508012","360470508012",1
"360470508031","360470508031",1
"360470508041","360470508041",1
"360470508041","360470508042",0
"360470508042","360470508042",1
"360470508043","360470508043",1
"360470509001","360470509001",1
"360470509002","360470509002",1
"360470510011","360470510011",1
"360470510012","360470510012",1
"360470510021","360470510021",1
"360470510022","360470510022",1
"360470510023","360470510023",1
"360470511001","360470511001",1
"360470511002","360470511002",1
"360470511003","360470511003",1
"360470512001","360470512001",1
"360470512002","360470512002",1
"360470512003","360470512003",1
"360470512004","360470512004",1
"360470513001","360470513001",1
"360470513002","360470513002",1
"360470513003","360470513003",1
"360470513004","360470513004",1
"360470514001","360470514001",1
"360470514002","360470514002",1
"360470514003","360470514003",1
"360470514004","360470514004",1
"360470515001","360470515001",1
"360470516011","360470516011",1
"360470516012","360470516012",1
"360470516013","360470516013",1
"360470516021","360470516021",1
"360470516022","360470516022",1
"360470517001","360470517001",1
"360470517002","360470517002",1
"360470518001","360470518001",1
"360470518002","360470518002",1
"360470518003","360470518003",1
"360470519001","360470519001",1
"360470519002","360470519002",1
"360470519003","360470519003",1
"360470520001","360470520001",1
"360470520002","360470520002",1
"360470520003","360470520003",1
"360470523001","360470523001",1
"360470523002","360470523002",1
"360470523003","360470523003",1
"360470523004","360470523004",1
"360470523005","360470523005",1
"360470525001","360470525001",1
"360470525002","360470525002",1
"360470526001","360470526001",1
"360470526002","360470526002",1
"360470526003","360470526003",1
"360470527001","360470527001",1
"360470527002","360470527002",1
"360470527003","360470527003",1
"360470527004","360470527004",1
"360470527005","360470527005",1
"360470527006","360470527006",1
"360470527007","360470527007",1
"360470528001","360470528001",1
"360470528002","360470528002",1
"360470529001","360470529001",1
"360470529002","360470529002",1
"360470529003","360470529003",1
"360470530001","360470530001",1
"360470530002","360470530002",1
"360470530003","360470530003",1
"360470531001","360470531021",0.784207353827607
"360470531001","360470531022",0.215792646172393
"360470531002","360470531011",0.380168606985147
"360470531002","360470531012",0.0545965475712565
"360470531002","360470531022",0.565234845443597
"360470531003","360470531012",1
"360470531004","360470531012",1
"360470532001","360470532001",1
"360470532002","360470532002",1
"360470533001","360470533001",1
"360470533002","360470533002",1
"360470533003","360470533003",1
"360470533004","360470533004",1
"360470533005","360470533005",1
"360470534001","360470534001",1
"360470534002","360470534002",1
"360470534003","360470534003",1
"360470534004","360470534004",1
"360470535001","360470535001",1
"360470535002","360470535002",1
"360470535003","360470535003",1
"360470535004","360470535004",1
"360470537001","360470537001",1
"360470537002","360470537002",1
"360470538001","360470538001",1
"360470538002","360470538002",1
"360470538003","360470538003",1
"360470539001","360470539001",1
"360470539002","360470539002",1
"360470542001","360470542001",1
"360470542002","360470542002",1
"360470542003","360470542003",1
"360470543001","360470543001",1
"360470543002","360470211003",1
"360470544001","360470544001",1
"360470544002","360470544002",1
"360470544003","360470544003",1
"360470545001","360470545001",1
"360470545002","360470545002",1
"360470545003","360470545003",1
"360470545004","360470545004",1
"360470545005","360470545005",1
"360470545006","360470545006",1
"360470546001","360470546001",1
"360470546002","360470546002",1
"360470546003","360470546003",1
"360470547001","360470547001",1
"360470547002","360470547002",1
"360470547003","360470547003",1
"360470548001","360470548001",1
"360470548002","360470548002",1
"360470549001","360470549001",1
"360470549002","360470549002",1
"360470550001","360470550001",1
"360470550002","360470550002",1
"360470550003","360470550003",1
"360470551001","360470551001",1
"360470551002","360470551002",1
"360470551003","360470551003",1
"360470551004","360470551004",1
"360470552001","360470552001",1
"360470552002","360470552002",1
"360470552003","360470552003",1
"360470553001","360470553001",1
"360470553002","360470553002",1
"360470553003","360470553003",1
"360470554001","360470554001",1
"360470554002","360470554002",1
"360470554003","360470554003",1
"360470555001","360470555001",1
"360470556001","360470556001",1
"360470556002","360470556002",1
"360470556003","360470556003",1
"360470557001","360470557001",1
"360470557002","360470557002",1
"360470558001","360470558001",1
"360470558002","360470558002",1
"360470560001","360470560001",1
"360470560002","360470560002",1
"360470560003","360470560003",1
"360470561001","360470561001",1
"360470561002","360470561001",0
"360470561002","360470561002",1
"360470561003","360470561003",1
"360470561004","360470561004",1
"360470562001","360470562001",1
"360470562002","360470562002",1
"360470563001","360470563011",0.930795847750865
"360470563001","360470563020",0
"360470563001","360470563021",1.83454522352941e-05
"360470563001","360470563022",0.0691858067968997
"360470563002","360470563012",0.931533269045323
"360470563002","360470563022",0.068466730954677
"360470563003","360470563013",1
"360470563004","360470563014",1
"360470564001","360470564001",1
"360470564002","360470564002",1
"360470564003","360470564003",1
"360470565001","360470565001",1
"360470565002","360470565002",1
"360470565003","360470565003",1
"360470566001","360470566001",1
"360470566002","360470566002",1
"360470568001","360470568001",1
"360470568002","360470568002",1
"360470569001","360470569001",1
"360470569002","360470569002",1
"360470570001","360470570001",1
"360470570002","360470570002",1
"360470570003","360470570003",1
"360470570004","360470570004",1
"360470571001","360470571001",1
"360470571002","360470571002",1
"360470571003","360470571003",1
"360470571004","360470571004",1
"360470572001","360470572001",1
"360470572002","360470572002",1
"360470573001","360470573001",1
"360470573002","360470573002",1
"360470573003","360470573003",1
"360470574001","360470574001",1
"360470574002","360470574002",1
"360470575001","360470575001",1
"360470575002","360470575002",1
"360470575003","360470575003",1
"360470575004","360470575004",1
"360470576001","360470576001",1
"360470576002","360470576002",1
"360470578001","360470578001",1
"360470578002","360470578002",1
"360470579001","360470579011",0.382093316519546
"360470579001","360470579012",0.617906683480454
"360470579002","360470579011",0
"360470579002","360470579012",1
"360470579002","360470579021",0
"360470580001","360470580001",1
"360470580002","360470580002",1
"360470582001","360470582001",1
"360470582002","360470582002",1
"360470582003","360470582003",1
"360470584001","360470584001",1
"360470584002","360470584002",1
"360470586001","360470586001",1
"360470586002","360470586002",1
"360470588001","360470588001",1
"360470588002","360470588002",1
"360470589001","360470589012",1
"360470589001","360470589021",0
"360470589002","360470589011",1
"360470590001","360470590001",1
"360470591001","360470591001",1
"360470591002","360470591002",1
"360470591003","360470591003",1
"360470591004","360470591004",1
"360470592001","360470592001",1
"360470592002","360470592002",1
"360470592003","360470592003",1
"360470593001","360470593001",1
"360470593002","360470593002",1
"360470594011","360470594031",1
"360470594012","360470594032",1
"360470594013","360470594041",1
"360470594014","360470594042",1
"360470594015","360470594043",1
"360470594016","360470594033",1
"360470594021","360470594021",1
"360470594022","360470594022",1
"360470594023","360470594023",1
"360470594024","360470594024",1
"360470596001","360470596001",1
"360470596002","360470596002",1
"360470596003","360470596003",1
"360470598001","360470598001",1
"360470598002","360470598002",1
"360470600001","360470600001",1
"360470600002","360470600002",1
"360470600003","360470600003",1
"360470600004","360470600004",1
"360470600005","360470600005",1
"360470606001","360470606001",1
"360470606002","360470606002",1
"360470608001","360470608001",1
"360470608002","360470608002",1
"360470608003","360470608003",1
"360470610020","360470610020",NA
"360470610021","360470610021",1
"360470610022","360470610022",0.541520151474168
"360470610022","360470610023",0.458479848525832
"360470610031","360470610031",1
"360470610032","360470610032",1
"360470610041","360470610042",1
"360470610042","360470610041",1
"360470610043","360470610042",0
"360470610043","360470610045",1
"360470610044","360470610043",1
"360470610045","360470610044",1
"360470612001","360470612001",1
"360470616000","360470616000",NA
"360470616001","360470616001",1
"360470620001","360470620001",1
"360470620002","360470620002",1
"360470622001","360470622001",1
"360470622002","360470622002",1
"360470626001","360470626001",1
"360470626002","360470626002",1
"360470628001","360470628001",1
"360470628002","360470628002",1
"360470628003","360470628003",1
"360470628004","360470628004",1
"360470632001","360470632001",1
"360470632002","360470632002",1
"360470636001","360470636001",1
"360470638001","360470638001",1
"360470638002","360470638002",1
"360470640001","360470640001",1
"360470640002","360470640002",1
"360470642001","360470642001",1
"360470642002","360470642002",1
"360470644001","360470644001",1
"360470644002","360470644002",0.026246719160105
"360470644002","360470644003",0.973753280839895
"360470646001","360470646001",1
"360470646002","360470646002",1
"360470648001","360470648001",1
"360470648002","360470648002",1
"360470650001","360470650001",1
"360470650002","360470650002",1
"360470652001","360470652001",1
"360470654001","360470654001",1
"360470654002","360470654002",1
"360470656001","360470656001",1
"360470656002","360470656002",1
"360470658001","360470658001",1
"360470658002","360470658002",1
"360470660001","360470660001",1
"360470660002","360470660002",1
"360470662001","360470662001",1
"360470666000","360470666000",NA
"360470666001","360470628002",NA
"360470666001","360470666001",NA
"360470670001","360470670001",1
"360470670002","360470670002",1
"360470672001","360470672001",1
"360470674001","360470674001",1
"360470674002","360470674002",1
"360470676001","360470676001",1
"360470676002","360470676002",1
"360470678001","360470678001",1
"360470678002","360470678002",1
"360470680001","360470680001",1
"360470680002","360470680002",1
"360470682001","360470682001",1
"360470682002","360470682002",1
"360470686001","360470686001",1
"360470686002","360470686002",1
"360470688001","360470688001",1
"360470688002","360470688002",1
"360470690001","360470690001",1
"360470690002","360470690002",1
"360470692001","360470692001",1
"360470692002","360470692002",1
"360470696011","360470696011",1
"360470696012","360470696012",1
"360470696021","360470696021",1
"360470696022","360470696022",1
"360470696023","360470696023",1
"360470698001","360470698001",1
"360470698002","360470698002",1
"360470700001","360470700001",1
"360470700002","360470700002",1
"360470702011","360470702011",1
"360470702012","360470702012",1
"360470702013","360470702013",1
"360470702014","360470702014",1
"360470702015","360470702015",1
"360470702020","360470702020",NA
"360470702021","360470702021",1
"360470702030","360470702030",NA
"360470702031","360470702031",NA
"360470706000","360470706020",NA
"360470706001","360470706012",1
"360470706002","360470706011",0.814451382694023
"360470706002","360470706012",0.185548617305977
"360470706002","360470706021",0
"360470720001","360470720001",1
"360470722001","360470722001",1
"360470722002","360470722002",1
"360470724001","360470724001",1
"360470724002","360470724002",1
"360470726001","360470726001",1
"360470728001","360470728001",1
"360470728002","360470728002",1
"360470730001","360470730001",1
"360470730002","360470730002",1
"360470732001","360470730002",0
"360470732001","360470732001",1
"360470732002","360470732002",1
"360470734001","360470734001",1
"360470734002","360470734002",1
"360470736001","360470736001",1
"360470736002","360470736002",1
"360470736003","360470736003",1
"360470738001","360470738001",1
"360470738002","360470738002",1
"360470738003","360470738003",1
"360470740001","360470740001",1
"360470740002","360470740002",1
"360470742001","360470742001",1
"360470742002","360470742002",1
"360470744001","360470744001",1
"360470744002","360470744002",1
"360470744002","360470746002",0
"360470746001","360470746001",1
"360470746002","360470746002",1
"360470748001","360470748001",0.181818181818182
"360470748001","360470748002",0.818181818181818
"360470748002","360470748001",1
"360470750001","360470750001",1
"360470750002","360470750002",1
"360470752001","360470752001",1
"360470754001","360470754001",1
"360470754002","360470754002",1
"360470756001","360470756001",1
"360470756002","360470756002",1
"360470758001","360470758001",1
"360470758002","360470758002",1
"360470760001","360470760001",1
"360470760002","360470760002",1
"360470760003","360470760003",1
"360470762001","360470762001",1
"360470762002","360470762002",1
"360470762003","360470762003",1
"360470764001","360470764001",1
"360470764002","360470764002",1
"360470764003","360470764003",1
"360470766001","360470766001",1
"360470768001","360470768001",1
"360470768002","360470768002",1
"360470768003","360470768003",1
"360470770001","360470770001",1
"360470770002","360470770002",1
"360470772001","360470772001",1
"360470772001","360470772002",0
"360470772002","360470772002",1
"360470774001","360470774001",1
"360470774002","360470774002",1
"360470776001","360470776001",1
"360470776002","360470776002",1
"360470776003","360470776003",1
"360470780001","360470780001",1
"360470780002","360470780002",1
"360470782001","360470782001",1
"360470782002","360470782002",1
"360470784001","360470784001",1
"360470784002","360470784002",1
"360470786001","360470786011",1
"360470786002","360470786012",0.358611825192802
"360470786002","360470786022",0.641388174807198
"360470786003","360470786012",0.377116893845518
"360470786003","360470786021",0.273027674514663
"360470786003","360470786022",0.349855431639818
"360470788001","360470788021",1
"360470788002","360470788011",1
"360470788003","360470788012",1
"360470790001","360470790021",1
"360470790002","360470790011",0.135342789598109
"360470790002","360470790023",0.864657210401891
"360470790003","360470790022",1
"360470790004","360470790011",1
"360470792001","360470792021",1
"360470792002","360470792022",1
"360470792003","360470792011",1
"360470794001","360470794001",0.712487899322362
"360470794001","360470794002",0.276863504356244
"360470794001","360470794003",0.010648596321394
"360470794002","360470794002",1
"360470796011","360470796011",1
"360470796012","360470796012",1
"360470796021","360470796021",1
"360470796022","360470796022",1
"360470798011","360470798011",1
"360470798012","360470798012",1
"360470798021","360470798021",1
"360470798022","360470798022",1
"360470798023","360470798023",1
"360470800001","360470800001",1
"360470800002","360470800002",1
"360470800003","360470800003",1
"360470802001","360470802001",1
"360470802002","360470802002",1
"360470802003","360470802003",1
"360470804001","360470804001",1
"360470804002","360470804002",1
"360470804003","360470804003",1
"360470806001","360470806001",1
"360470806002","360470806002",1
"360470808001","360470808001",1
"360470810001","360470810001",1
"360470810002","360470810002",1
"360470814001","360470814001",1
"360470814002","360470814002",1
"360470816001","360470816001",1
"360470816002","360470816002",1
"360470818001","360470818001",1
"360470818002","360470818002",1
"360470818003","360470818003",1
"360470820001","360470820001",1
"360470820002","360470820002",1
"360470820003","360470820003",1
"360470822001","360470822001",1
"360470822002","360470822002",1
"360470822003","360470822003",1
"360470822004","360470822004",1
"360470824001","360470824001",1
"360470824002","360470824002",1
"360470824003","360470824003",1
"360470824004","360470824004",1
"360470826001","360470826001",1
"360470826002","360470826002",1
"360470826003","360470826003",1
"360470826004","360470826004",1
"360470828001","360470828001",1
"360470828002","360470828002",1
"360470828003","360470828003",1
"360470830001","360470830001",1
"360470830002","360470830002",1
"360470830003","360470830003",1
"360470830004","360470830004",1
"360470832001","360470832001",1
"360470832002","360470832002",1
"360470834001","360470834001",1
"360470834002","360470834002",1
"360470836001","360470836001",1
"360470836002","360470836002",1
"360470838001","360470838001",1
"360470838002","360470838002",1
"360470840001","360470840001",1
"360470840002","360470840002",1
"360470846001","360470846001",1
"360470846002","360470846002",1
"360470848001","360470848001",1
"360470848002","360470848002",1
"360470850001","360470850001",1
"360470852001","360470852001",1
"360470854001","360470854001",1
"360470854002","360470854002",1
"360470856001","360470856001",1
"360470856002","360470856002",1
"360470856003","360470856003",1
"360470858001","360470858001",1
"360470858002","360470858002",1
"360470860001","360470860001",1
"360470860002","360470860002",1
"360470860003","360470860003",1
"360470862001","360470862001",1
"360470862002","360470862002",1
"360470862003","360470862003",1
"360470864001","360470864001",1
"360470864002","360470864002",1
"360470866001","360470866001",1
"360470866002","360470866002",1
"360470866003","360470866003",1
"360470868001","360470868001",1
"360470868002","360470868002",1
"360470868003","360470868003",1
"360470870001","360470870001",1
"360470870002","360470870002",1
"360470870003","360470870003",1
"360470872001","360470872001",1
"360470872002","360470872002",1
"360470872003","360470872003",1
"360470874011","360470874011",1
"360470874012","360470874012",1
"360470876001","360470876001",1
"360470876002","360470876002",1
"360470878001","360470878001",1
"360470878002","360470878002",1
"360470878003","360470878003",1
"360470880001","360470880021",1
"360470880002","360470880012",1
"360470880003","360470880011",1
"360470882001","360470882001",1
"360470882002","360470882002",1
"360470882003","360470882003",1
"360470882004","360470882004",1
"360470884001","360470884001",1
"360470884002","360470884002",1
"360470884003","360470884003",1
"360470886001","360470886001",1
"360470886002","360470886002",1
"360470886003","360470886003",1
"360470888001","360470888001",1
"360470888002","360470888002",1
"360470888003","360470888003",1
"360470890001","360470890001",1
"360470890002","360470890002",1
"360470890003","360470890003",1
"360470890004","360470890004",1
"360470890005","360470890005",1
"360470890006","360470890006",1
"360470892001","360470892001",1
"360470892002","360470892002",1
"360470892003","360470892003",1
"360470892004","360470892004",1
"360470894001","360470894001",1
"360470894002","360470894002",1
"360470894003","360470894003",1
"360470894004","360470894004",1
"360470896001","360470896001",1
"360470896002","360470896002",1
"360470896003","360470896003",1
"360470898001","360470898001",1
"360470898002","360470898002",1
"360470900001","360470900001",1
"360470900002","360470900002",1
"360470900003","360470900003",1
"360470900004","360470361002",0.000409895404738318
"360470900004","360470900004",0.999590104595262
"360470900005","360470900005",1
"360470900006","360470900006",1
"360470900007","360470900007",1
"360470902001","360470902001",1
"360470902002","360470902002",1
"360470902003","360470902003",1
"360470902004","360470902004",1
"360470902005","360470902005",1
"360470906001","360470906001",1
"360470906002","360470906002",1
"360470906003","360470906003",1
"360470908001","360470908001",1
"360470908002","360470908002",1
"360470908003","360470908003",1
"360470910001","360470910001",1
"360470910002","360470910002",1
"360470910003","360470910003",1
"360470910004","360470910004",1
"360470912001","360470912001",1
"360470912002","360470912002",1
"360470912003","360470912003",1
"360470916001","360470916001",1
"360470916002","360470916002",1
"360470916003","360470916003",1
"360470916004","360470916004",1
"360470918001","360470918001",1
"360470918002","360470918002",1
"360470920001","360470920001",1
"360470920002","360470920002",1
"360470920003","360470920003",1
"360470920003","360470920004",0
"360470922001","360470922001",1
"360470922002","360470922002",1
"360470924001","360470924001",1
"360470924002","360470924002",1
"360470924003","360470924003",1
"360470928001","360470928001",1
"360470928002","360470928002",0.941626129256428
"360470928002","360470928003",0.0583738707435719
"360470930001","360470930001",1
"360470930002","360470930002",1
"360470932001","360470932001",1
"360470934001","360470934001",1
"360470934002","360470934002",1
"360470936001","360470936001",1
"360470936002","360470936002",1
"360470938001","360470938001",1
"360470938002","360470938002",1
"360470944011","360470944011",1
"360470944012","360470944012",1
"360470944013","360470944013",1
"360470944014","360470944014",1
"360470944021","360470944021",1
"360470946001","360470946001",1
"360470946002","360470946002",1
"360470946003","360470946003",1
"360470950001","360470950001",1
"360470950002","360470950002",1
"360470954001","360470954001",1
"360470954002","360470954002",1
"360470954003","360470954003",1
"360470956001","360470956001",1
"360470956002","360470956002",1
"360470958001","360470958001",1
"360470958002","360470958002",1
"360470960001","360470960001",NA
"360470962001","360470962001",1
"360470964001","360470964001",1
"360470964002","360470964002",1
"360470966001","360470966001",1
"360470966002","360470966002",1
"360470968001","360470968001",1
"360470968002","360470968002",1
"360470970001","360470970001",1
"360470970002","360470970002",1
"360470974001","360470974001",1
"360470974002","360470974002",1
"360470982001","360470982001",1
"360470982002","360470982002",1
"360470984001","360470984001",1
"360470986001","360470986001",1
"360470986002","360470986002",1
"360470988001","360470988001",1
"360470988002","360470988002",1
"360470990001","360470990001",1
"360470992001","360470992001",1
"360470994001","360470994001",1
"360470996001","360470996001",1
"360470996002","360470996002",1
"360470998001","360470998001",1
"360470998002","360470998002",1
"360471004001","360471004001",1
"360471006001","360471006001",1
"360471006002","360471006002",1
"360471008001","360471008001",1
"360471008002","360471008002",1
"360471010001","360471010001",1
"360471010002","360471010002",1
"360471012001","360471012001",1
"360471012002","360471012002",1
"360471014001","360471014001",1
"360471014002","360471014002",1
"360471016001","360471016001",1
"360471018001","360471018001",1
"360471020001","360471020001",1
"360471022001","360471022001",1
"360471024001","360471024001",1
"360471026001","360471026001",1
"360471028000","360471028020",NA
"360471028001","360471028011",1
"360471028001","360471028021",0
"360471028002","360471028011",1
"360471034000","360471034020",NA
"360471034001","360471034011",0.603288062902
"360471034001","360471034012",0.396711937098
"360471034001","360471034021",0
"360471058011","360471058011",1
"360471058012","360471058012",1
"360471058013","360471058013",1
"360471058041","360471058041",1
"360471058042","360471058042",1
"360471058043","360471058043",1
"360471058044","360471058044",1
"360471070000","360471070020",NA
"360471070001","360471070011",0.999999999999783
"360471070001","360471070021",0
"360471070001","360471070031",0
"360471078001","360471078001",1
"360471078002","360471078002",1
"360471078003","360471078003",1
"360471078004","360471078004",1
"360471098001","360471098004",0
"360471098001","360471098005",1
"360471098002","360471098001",0
"360471098002","360471098002",1
"360471098002","360471098003",0
"360471104001","360471104001",1
"360471104002","360471104002",1
"360471104003","360471104003",1
"360471104004","360471104004",1
"360471106001","360471106001",1
"360471106002","360471106002",1
"360471110001","360471110001",1
"360471110002","360471110002",1
"360471116001","360471116001",1
"360471116002","360471116002",1
"360471118001","360471118001",1
"360471118002","360471118002",1
"360471120001","360471120001",1
"360471120002","360471120002",1
"360471122001","360471122001",1
"360471122002","360471122002",1
"360471124001","360471124001",1
"360471124002","360471124002",1
"360471124003","360471124003",1
"360471126001","360471126001",1
"360471126002","360471126002",1
"360471126003","360471126003",1
"360471128001","360471128001",1
"360471128002","360471128002",1
"360471128003","360471128003",1
"360471130001","360471130001",1
"360471130002","360471130002",1
"360471130003","360471130003",1
"360471130004","360471130004",1
"360471132001","360471132002",1
"360471132001","360471132003",0
"360471132002","360471132001",1
"360471134001","360471134001",1
"360471134002","360471134002",1
"360471134003","360471134003",1
"360471142011","360471142011",1
"360471142012","360471142012",1
"360471142021","360471142021",1
"360471142022","360471142022",1
"360471144001","360471144001",1
"360471144002","360471144002",1
"360471144003","360471144003",1
"360471144004","360471144004",1
"360471146001","360471146001",1
"360471146002","360471146002",1
"360471150001","360471150001",1
"360471150002","360471150002",1
"360471150003","360471150003",1
"360471152001","360471152001",1
"360471152002","360471152002",1
"360471152003","360471152003",1
"360471156001","360471156001",1
"360471156002","360471156002",1
"360471156003","360471156003",1
"360471156004","360471156004",1
"360471158001","360471158001",1
"360471158002","360471158002",1
"360471158003","360471158003",1
"360471160001","360471160001",1
"360471160002","360471160002",1
"360471160003","360471160003",1
"360471162001","360471162001",1
"360471162002","360471162002",1
"360471162003","360471162003",1
"360471164001","360471164001",1
"360471164002","360471164002",1
"360471164003","360471164003",1
"360471166001","360471166001",1
"360471166002","360471166002",1
"360471166003","360471166003",1
"360471168001","360471168001",1
"360471168002","360471168002",1
"360471170001","360471170001",1
"360471170002","360471170002",1
"360471172011","360471172011",1
"360471172012","360471172012",1
"360471172021","360471172021",1
"360471172022","360471172022",1
"360471174001","360471174001",1
"360471174002","360471174002",1
"360471176011","360471176011",1
"360471176012","360471176012",1
"360471176021","360471176021",1
"360471176022","360471176022",1
"360471178001","360471178001",1
"360471180001","360471180001",1
"360471182011","360471182011",1
"360471182012","360471182012",1
"360471182021","360471182021",1
"360471182022","360471182022",1
"360471184001","360471184001",1
"360471184002","360471184002",1
"360471184003","360471184003",1
"360471186001","360471186001",1
"360471186002","360471186002",1
"360471188001","360471188001",1
"360471188002","360471188002",1
"360471188003","360471188003",1
"360471190001","360471190001",1
"360471190002","360471190002",1
"360471192001","360471192001",1
"360471192002","360471192002",1
"360471192003","360471192003",1
"360471194001","360471194001",1
"360471194002","360471194002",1
"360471194003","360471194003",1
"360471196001","360471196001",1
"360471196002","360471196002",1
"360471196003","360471196003",1
"360471196004","360471196004",1
"360471198001","360471198001",1
"360471198002","360471198002",1
"360471198003","360471198003",1
"360471200001","360471200001",1
"360471200002","360471200002",1
"360471202001","360471202001",1
"360471202002","360471202002",1
"360471208001","360471208011",0.469121813031161
"360471208001","360471208013",0.530878186968838
"360471208002","360471208012",0.428804347826087
"360471208002","360471208014",0.571195652173913
"360471208003","360471208021",1
"360471208004","360471208022",1
"360471208005","360471208031",1
"360471210001","360471210001",1
"360471210002","360471210002",1
"360471214001","360471214001",1
"360471214002","360471214002",1
"360471220001","360471220001",1
"360471220002","360471220002",1
"360471237001","360471237001",1
"360471237002","360471237002",1
"360471237003","360471237003",1
"360471502001","360470500012",0
"360471502001","360471502001",1
"360471502002","360471502002",1
"360471502003","360471502003",1
"360471522001","360471522001",1
"360471522002","360471522002",1
"360471522003","360471522003",1
"360479901000","360479901000",NA
