<?xml version="1.0" encoding="UTF-8"?>
<metadata xml:lang="en"><Esri><CreaDate>20220603</CreaDate><CreaTime>22501700</CreaTime><ArcGISFormat>1.0</ArcGISFormat><SyncOnce>TRUE</SyncOnce><DataProperties><lineage><Process ToolSource="c:\program files (x86)\arcgis\desktop10.8\ArcToolbox\Toolboxes\Data Management Tools.tbx\Dissolve" Date="20220603" Time="175032">Dissolve trblk "C:\Users\Eric Wienckowski\Documents\ArcGIS\Default.gdb\trblk_Dissolve11" TCSenate.DISTRICT # SINGLE_PART UNSPLIT_LINES</Process><Process ToolSource="c:\program files (x86)\arcgis\desktop10.8\ArcToolbox\Toolboxes\Data Management Tools.tbx\CalculateField" Date="20220603" Time="175218">CalculateField Senate22 District [TCSenate_D] VB #</Process></lineage></DataProperties></Esri></metadata>
