"GEOID","pop_2010_asian","pop_2010_total","pop_2020_asian","pop_2020_total"
"360470001001",36,580,74,904
"360470001002",52,939,61,704
"360470001003",159,1355,177,1488
"360470001004",83,1464,141,1520
"360470002001",49,1470,56,1205
"360470003011",43,845,30,887
"360470003012",92,1302,67,847
"360470003013",51,889,56,857
"360470003014",40,744,35,755
"360470003015",15,479,23,504
"360470005011",230,2417,186,2549
"360470005012",151,1036,186,1051
"360470005013",51,794,62,804
"360470005021",94,1384,112,1415
"360470005022",92,1128,91,1225
"360470007001",75,1144,216,2187
"360470007002",30,977,46,921
"360470007003",93,1238,117,1307
"360470009001",386,2383,418,3043
"360470009002",253,1789,204,2124
"360470011001",10,84,376,1578
"360470013001",201,1564,571,2465
"360470013002",48,711,0,0
"360470015011",113,900,802,2671
"360470015012",135,1494,544,2490
"360470015021",158,1127,1812,5801
"360470018010",0,0,0,0
"360470018011",0.25083135391924,16,0,1
"360470018012",32.7491686460808,2089,21,2562
"360470018020",0,0,0,0
"360470018021",0,0,1,6
"360470018030",0,0,0,0
"360470018031",0,0,4,16
"360470018040",0,0,0,0
"360470018041",0,0,0,0
"360470020001",27,724,58,805
"360470020002",50,948,44,889
"360470021001",107,1281,183,1981
"360470021002",168.999999999999,1528.99999999999,233,1829
"360470021003",67,794,225,2165
"360470022001",45,1337,171,1320
"360470022002",163.733031541665,1285.9033208882,199,1240
"360470022003",205.792756539235,1236,236,1307
"360470022004",125.207243460765,752,84,722
"360470023001",468,1555,427,1372
"360470023002",108,1549,158,1486
"360470023003",85,1143,105,1082
"360470029011",237,2196,541,2462
"360470029012",58,1022,52,687
"360470030001",98,819,128,889
"360470030002",159,911,212,922
"360470031011",283,1800,701,3116
"360470031012",81,589,37,247
"360470031013",57,83,7,32
"360470031021",0,0,0,0
"360470033001",67,828,74,837
"360470033002",142,1499,628,3970
"360470034000",0,0,0,0
"360470034001",137,780,177,933
"360470034002",216,1313,302,1433
"360470034003",167,954,181,1123
"360470035001",80,650,229,1432
"360470035002",33,904,33,970
"360470036001",288,1199,303,1208
"360470036002",267,1729,256,1833
"360470036003",87,876,100,918
"360470037001",55,390,1089,4565
"360470038000",0,0,0,0
"360470038001",159,1498,206,1529
"360470039001",134,1162,132,1198
"360470039002",41,608,75,772
"360470039003",58,459,70,674
"360470041001",107,1562,173,1453
"360470041002",70,1152,89,988
"360470041003",47,884,59,957
"360470043001",0,8,0,0
"360470043002",104,795,207,1219
"360470043003",71,918,102,935
"360470043004",82,1287,117,1656
"360470044000",0,0,0,0
"360470044001",85,1272,127,1346
"360470044002",55,1087,94,1102
"360470045001",72,1151,108,1193
"360470045002",40,741,52,765
"360470045003",42,735,54,696
"360470045004",35,698,54,822
"360470046000",0,0,0,0
"360470046001",78,1199,100,1154
"360470047001",93,1445,124,1951
"360470049001",69,922,58,829
"360470049002",58,720,45,741
"360470049003",56,874,66,842
"360470050000",0,0,0,0
"360470050001",30,624,33,711
"360470050002",63,849,91,945
"360470050003",32,803,93,879
"360470051001",49,544,69,719
"360470051002",66,892,80,1012
"360470051003",44,735,55,927
"360470052010",0,0,0,0
"360470052011",158,1829,333,1879
"360470052020",0,0,0,0
"360470052021",45,1094,75,1126
"360470052022",76,1387,122,1542
"360470053010",0,0,0,0
"360470053011",34.4562381404175,1204,66,1355
"360470053012",13.1944971537002,665,54,809
"360470053020",0,0,0,0
"360470053021",0.349264705882353,19,0,27
"360470053022",0,0,1,12
"360470053023",0,0,13,47
"360470053031",0,0,0,0
"360470054000",0,0,0,0
"360470054001",61,1460,109,1562
"360470054002",54,565,68,603
"360470054003",225,1114,177,1261
"360470056010",0,0,0,0
"360470056011",45,1140,79,1260
"360470056012",95,1365,157,1432
"360470056020",0,0,0,0
"360470056021",124,1586,171,1734
"360470058001",88,1022,114,1052
"360470058002",173,1510,198,1705
"360470058003",41,620,73,693
"360470059001",15,741,25,862
"360470059002",21,643,24,880
"360470060001",120,1193,146,1191
"360470060002",153,889,159,924
"360470060003",93,744,125,761
"360470062001",161,1125,171,1169
"360470062002",170,1185,163,1288
"360470062003",40,543,40,501
"360470063001",51,899,57,964
"360470063002",58,993,76,1043
"360470064001",74,1124,135,1181
"360470064002",126,1063,147,1057
"360470064003",150,1291,192,1385
"360470065001",22,721,60,813
"360470065002",29,710,38,740
"360470065003",11,681,16,752
"360470065004",25,652,34,668
"360470065005",23,635,39,627
"360470065006",64,1232,48,1267
"360470065007",24,560,53,594
"360470066001",160,1176,215,1296
"360470066002",59,969,74,993
"360470066003",172,1518,226,1685
"360470067001",31,651,44,664
"360470067002",30,575,54,831
"360470067003",26,638,41,662
"360470067004",20,767,37,742
"360470067005",18,670,39,719
"360470068001",377,1354,434,1534
"360470068002",215,1597,305,1890
"360470068003",50,635,44,731
"360470068004",216,1284,211,1336
"360470069011",50,782,51,729
"360470069012",53,867,54,902
"360470069021",65,1011,69,1089
"360470069022",70,877,64,873
"360470070001",154.999999999995,1248.99999999996,197,1327
"360470070002",233,1095,266,1127
"360470071001",32.850144092219,1042,63,1088
"360470071002",75.149855907781,1944,146,1878
"360470071003",91,1509,107,1396
"360470072001",528,1946,589,2082
"360470074001",387,1409,507,1635
"360470074002",690,1693,717,1796
"360470074003",120,888,144,821
"360470074004",142.266968458335,1463.0966791118,278,1577
"360470075001",42,890,71,1009
"360470075002",51,981,41,974
"360470075003",53,1054,71,1222
"360470075004",32,814,52,812
"360470075005",29,644,40,674
"360470076001",365,1590,571,1848
"360470076002",154,1058,261,1193
"360470076003",196,1764,271,1831
"360470077001",89,924,147,1926
"360470077002",77,881,69,1163
"360470077003",76,1211,126,1568
"360470077004",40,885,76,1033
"360470078001",87,1393,129,1356
"360470078002",112,1369,220,1547
"360470078003",191,1141,263,1232
"360470078004",113,1165,127,1198
"360470080001",128,1725,170,1644
"360470080002",110,1530,160,1294
"360470080003",91,914,178,1086
"360470082001",139,1483,105,1377
"360470082002",219,1570,310,1633
"360470082003",33,1088,37,998
"360470084001",44,1091,60,1071
"360470084002",87,1248,106,1193
"360470084003",87,960,61,1047
"360470085001",46,2605,85,2513
"360470085002",33,1928,111,1819
"360470085003",53,2423,188,2341
"360470086001",0,0,0,0
"360470088001",126,2011,158,1885
"360470088002",160,1196,376,1373
"360470090011",586,1577,641,1886
"360470090021",726,1417,609,1391
"360470092011",331.107837360047,698,255,674
"360470092012",475.124252988492,1203,818,1413
"360470092021",981.053798472475,2426,1054,2348
"360470092022",464.714111178986,1061,473,1076
"360470094011",845,1587,974,1577
"360470094012",1068.37516059957,1464,1272,1550
"360470094021",566.980350504514,1181,935,1338
"360470094022",972.644488895914,1573,1047,1830
"360470096001",500,1499,681,1681
"360470096002",672,1737,882,1811
"360470096003",293,1305,329,1366
"360470096004",159,1585,231,1604
"360470098001",521,2115,756,2077
"360470098002",661,1771,770,1914
"360470098003",1081,1537,1430,1899
"360470098004",611,1601,708,1550
"360470100001",989,1583,1226,1842
"360470100002",1249,1761,1539,2028
"360470100003",857,1814,1253,2158
"360470100004",438,1579,685,1713
"360470101001",86,1386,106,1415
"360470101002",69,1606,73,1749
"360470101003",60,1101,123,1426
"360470102001",1810,2472,2338,2879
"360470102002",908,1320,1162,1607
"360470102003",856,1830,1210,2092
"360470104011",1194.90526315789,1357,1201,1384
"360470104012",1356.26140350877,1729,1405,1631
"360470104021",979.745782033744,1247,1155,1396
"360470104022",1381.08755129959,1575,1292,1569
"360470106011",1260,1663,1253,1583
"360470106012",1345.06097560976,1596,1148,1454
"360470106021",1194.92845356572,1430,1310,1391
"360470106022",963.010570824524,1162,1255,1429
"360470108011",820.13288590604,1117,977,1210
"360470108012",1259.12471757795,1507,1404,1666
"360470108021",1041.86323422928,1485,1324,1650
"360470108022",736.879162286731,1171,806,1190
"360470110001",290,1078,279,1175
"360470110002",484,1363,517,1534
"360470112001",627,2225,620,2479
"360470112002",174,1001,324,1013
"360470112003",154,1438,337,1411
"360470112004",485,1772,687,1733
"360470114001",150,1473,363,1644
"360470114002",288,1325,400,1458
"360470114003",373,1178,350,1048
"360470116001",983,1588,1349,1905
"360470116002",1762,2033,1881,2141
"360470116003",910,1195,1166,1483
"360470117001",35,731,125,1073
"360470117002",60.6534653465347,861,45,818
"360470117003",78.3465346534653,772,85,781
"360470118001",0,0,8,35
"360470118002",1008,1211,1189,1407
"360470118003",749,1042,841,1136
"360470119011",31,384,34,352
"360470119012",38,1146,92,1237
"360470119021",0,0,0,0
"360470120001",1020,1268,909,1176
"360470121001",46,853,120,1121
"360470121002",57,766,109,795
"360470122001",734,1974,729,1962
"360470122002",641,1771,807,1852
"360470122003",0,0,0,0
"360470122004",739,1594,874,1707
"360470126001",287,1170,301,1245
"360470126002",427,875,534,1125
"360470126003",197,607,264,715
"360470127001",52,1152,99,1263
"360470127002",66,972,123,1481
"360470127003",14,1383,53,1292
"360470128011",1213,2117,1803,2567
"360470129011",0,0,4,52
"360470129012",64,884,88,912
"360470129013",45,517,76,628
"360470129014",32,758,104,741
"360470129021",27,753,57,756
"360470129022",75,1211,262,2562
"360470130001",318,1035,385,1232
"360470130002",162,1336,196,1414
"360470130003",145,1091,193,1241
"360470130004",280,1330,334,1460
"360470131001",74,969,87,1017
"360470131002",70,973,90,967
"360470131003",50,800,69,854
"360470131004",60,1086,84,1141
"360470132001",281,928,546,1054
"360470132002",544,1311,1084,1816
"360470133001",77,930,115,1019
"360470133002",68,1181,119,1244
"360470133003",37,809,79,995
"360470133004",80,810,157,1153
"360470134001",330,1292,488,1506
"360470134002",116,1323,177,1307
"360470134003",135,1292,277,1399
"360470135001",53,1021,70,1137
"360470135002",107,1309,142,1390
"360470135003",124,1266,144,1272
"360470136001",156,986,159,1065
"360470136002",127,985,159,1028
"360470136003",79,886,112,831
"360470136004",98,1070,127,1155
"360470137001",18,822,92,1091
"360470137002",50,905,103,1029
"360470137003",77,1330,85,1286
"360470138001",208,1480,215,1541
"360470138002",89,926,110,857
"360470138003",98,762,107,849
"360470139001",30,804,74,909
"360470139002",72,1113,91,1179
"360470139003",85,832,99,879
"360470139004",28,732,55,760
"360470140001",78,904,192,1016
"360470140002",79,922,166,1120
"360470141011",99.9813270390768,1356,176,1621
"360470141021",71.7118605789137,846,114,886
"360470141022",67.3068123820095,815,117,972
"360470142001",146,1070,198,1251
"360470142002",142,959,163,958
"360470142003",165,1194,182,1225
"360470143001",76,1301,118,1256
"360470143002",92,1053,151,1336
"360470143003",91,1133,84,1113
"360470145001",97,1177,56,1238
"360470145002",36,1220,83,1221
"360470145003",32,890,77,973
"360470145004",48,892,89,972
"360470147001",24,733,51,715
"360470147002",89,1351,76,1527
"360470148001",52,590,72,550
"360470148002",35,619,97,694
"360470149011",51.9142276422764,814,86,834
"360470149012",37.1968834688347,676,53,695
"360470149021",87.8888888888889,1396,126,1479
"360470149022",28,997,69,960
"360470149023",91,1093,110,1162
"360470150001",117,805,241,882
"360470150002",63,769,254,909
"360470151001",54,847,70,903
"360470151002",63,1055,105,1042
"360470151003",80,1015,49,1019
"360470151004",33,661,45,732
"360470152001",81,640,137,673
"360470152002",89,715,176,840
"360470152003",184,954,252,1032
"360470153001",81,673,28,137
"360470153002",48,840,71,911
"360470153003",38,771,55,819
"360470153004",41,757,47,766
"360470154001",0,0,0,9
"360470155001",36,652,32,704
"360470155002",66,922,72,975
"360470155003",36,1009,79,1027
"360470155004",38,689,42,760
"360470157001",47,896,60,1043
"360470157002",67,913,64,1030
"360470157003",81,1350,83,1323
"360470157004",63,976,97,1051
"360470159001",60,963,69,984
"360470159002",31,928,69,911
"360470159003",41,851,58,929
"360470159004",63,949,88,988
"360470159005",3.89888475836431,76,0,0
"360470159006",65.1011152416357,1269,104,1394
"360470160001",167,1155,247,1333
"360470160002",241,1119,251,1007
"360470160003",230,1088,296,1178
"360470160004",133,855,104,944
"360470161001",70.9017199017199,1085,106,1152
"360470161002",0,0,0,0
"360470161003",70,976,135,1191
"360470161004",68.0982800982801,1014,89,1107
"360470162001",98,910,137,1027
"360470162002",163,1172,169,1191
"360470163001",0,0,0,0
"360470163002",88.0451612903226,870,279,1907
"360470163003",77.1920181968569,1436,75,1417
"360470163004",37.7628205128205,685,63,764
"360470164000",0,0,0,0
"360470164001",52,764,83,775
"360470165001",63,1248,108,1179
"360470165002",91,1558,99,1449
"360470165003",42,1332,95,1463
"360470165004",40,1003,63,989
"360470166001",26,1031,110,1006
"360470166002",54,1028,142,962
"360470167001",55,1023,65,1059
"360470167002",42,1026,47,1011
"360470167003",48,1198,69,1239
"360470167004",84,1391,99,1445
"360470168000",0,0,0,0
"360470168001",243,1510,531,1695
"360470169001",55,807,65,831
"360470169002",182,1162,263,1144
"360470169003",46,739,56,830
"360470169004",105,1065,94,991
"360470169005",62,724,69,663
"360470170001",262,839,419,959
"360470170002",457,1263,609,1374
"360470170003",337,1152,502,1271
"360470171001",112,1355,96,1238
"360470171002",28,769,29,742
"360470171003",60,836,61,865
"360470171004",77,789,76,872
"360470172001",653,1577,894,1802
"360470172002",353,1354,624,1498
"360470174000",0,0,0,0
"360470174001",256,981,421,1020
"360470174002",230,812,305,930
"360470175001",0,5,2,5
"360470176000",0,0,0,0
"360470176001",266,937,433,1074
"360470176002",378,1358,480,1344
"360470177001",0,0,0,15
"360470178001",481,1340,508,1324
"360470178002",649,1558,830,1635
"360470179001",13,1451,52,1417
"360470179002",108,1438,173,1739
"360470179003",47,735,70,739
"360470180001",561,1468,616,1447
"360470180002",489,1725,704,1678
"360470181001",49,878,97,1046
"360470181002",43,887,68,846
"360470181003",82,1172,75,1213
"360470181004",69,999,100,1099
"360470182001",466,990,743,1228
"360470182002",1139,2173,1462,2517
"360470183001",76,1096,69,1208
"360470183002",50,732,46,874
"360470183003",31,672,47,702
"360470184001",512,1026,838,1231
"360470184002",203,976,527,1229
"360470185011",39,692,56,711
"360470185012",88,1209,195,1599
"360470185013",38,1044,160,1264
"360470185014",40,882,86,887
"360470186001",577,1088,846,1277
"360470186002",285,1036,370,1087
"360470187001",81,1411,102,1336
"360470188001",289,1173,449,1289
"360470188002",532,1467,796,1666
"360470190001",787,1719,729,1692
"360470190002",595,1548,664,1549
"360470190003",476,1515,704,1612
"360470191001",33,735,235,1468
"360470191002",44.7307692307692,836,127,1150
"360470191003",29.2692307692308,761,49,809
"360470192001",111.325988334413,976,76,1119
"360470192002",188.371326555741,815,307,1137
"360470192003",479.327095199349,961,812,1211
"360470192004",9.97558991049634,20,1,74
"360470193001",169.60618556701,1795,534,2567
"360470193002",77.3938144329897,1224,100,1050
"360470193003",211,852,249,680
"360470193004",23,1757,92,1982
"360470194001",839,1470,914,1518
"360470194002",471,953,487,918
"360470194003",348,882,598,1134
"360470195001",23,643,58,821
"360470195002",80,795,66,912
"360470195003",59,1231,69,1245
"360470195004",27,697,47,706
"360470196001",587,1584,816,1698
"360470196002",420,1382,567,1380
"360470196003",492,1387,682,1613
"360470197001",48,391,31,417
"360470197002",43,837,49,924
"360470197003",58,1154,106,1279
"360470197004",44,931,68,965
"360470198001",88,707,244,796
"360470198002",187,995,526,1265
"360470199001",17,566,44,619
"360470199002",19,707,50,747
"360470199003",28,518,195,1525
"360470199004",53,1138,61,1087
"360470200001",333,1223,583,1316
"360470200002",154,1042,356,1126
"360470201001",23,662,30,802
"360470201002",39,858,96,1096
"360470201003",50,995,67,987
"360470201004",39,906,35,977
"360470202001",266,941,517,1101
"360470202002",97,933,288,1046
"360470203001",99,884,171,1219
"360470203002",84,813,99,913
"360470204001",113,836,450,1034
"360470204002",75,872,284,1006
"360470205001",79,564,115,901
"360470205002",61,935,113,1372
"360470205003",42,970,84,1132
"360470206001",208,1161,489,1317
"360470206002",81,1059,369,1188
"360470207001",94,1905,112,1998
"360470207002",99,1307,155,1602
"360470207003",58,1098,99,1271
"360470208001",481,847,611,1008
"360470208002",296,1032,735,1391
"360470208003",513,1169,821,1383
"360470210001",620,1295,1019,1588
"360470210002",742,1419,1023,1524
"360470210003",495,1254,621,1376
"360470211001",5,523,40,546
"360470211002",34,687,181,1560
"360470211003",27,320,29,399
"360470212001",1256,1995,1384,2126
"360470212002",832,1397,1016,1573
"360470212003",766,1251,1107,1579
"360470213001",16,971,51,864
"360470213002",16,2072,39,1933
"360470213003",20,1162,42,1083
"360470214001",8.24390243902439,13,6,28
"360470214002",161,1168,367,1291
"360470214003",615.756097560976,971,815,1183
"360470215001",72,640,73,870
"360470215002",42,962,42,963
"360470215003",78,1517,75,1480
"360470215004",99,2188,169,2256
"360470216001",60,1246,49,1389
"360470216002",18,1216,28,1141
"360470216003",391,1553,586,1750
"360470217001",166,1583,210,1726
"360470217002",60,2014,151,2625
"360470218001",29,1297,34,1486
"360470218002",9,1247,32,1371
"360470218003",120,1217,194,1334
"360470219001",23,1085,46,1096
"360470219002",63,1140,151,1447
"360470219003",43,1370,104,1682
"360470220001",45,1280,106,1788
"360470220002",45,1084,66,1244
"360470220003",140,1233,113,1253
"360470220004",37,1342,65,1375
"360470221001",45,1630,101,1577
"360470221002",43,1223,79,1415
"360470221003",14,756,43,905
"360470222001",2,1503,54,2043
"360470222002",62,1297,27,1293
"360470222003",72,1893,103,2297
"360470224001",59,1184,22,1247
"360470224002",147,1443,177,1571
"360470224003",234,1291,284,1486
"360470224004",161,1568,116,1813
"360470226001",183,1262,194,1373
"360470226002",307,1254,244,1291
"360470227001",48,903,74,920
"360470227002",73,852,101,1094
"360470227003",12.4702760084926,691,65,926
"360470227004",13.5297239915074,1008,104,1575
"360470228001",733,1385,756,1403
"360470228002",80,1255,106,1515
"360470228003",101,666,72,720
"360470229001",15,586,70,800
"360470229002",27,935,41,940
"360470229003",18,655,56,840
"360470229004",63,1219,97,1343
"360470230001",144,1744,241,1732
"360470230002",21,1058,39,1058
"360470230003",86,1713,72,1652
"360470231001",64,1097,75,1234
"360470231002",48,1253,158,1823
"360470231003",27,675,44,775
"360470232001",0,1181,11,1425
"360470232002",17,1342,43,1644
"360470232003",61,1175,85,1181
"360470232004",56,900,46,954
"360470232005",248,1101,308,1178
"360470233001",57,863,163,1333
"360470233002",28.174525047595,2745.45020813274,111,2588
"360470233003",26.825474952405,1452.54979186726,148,2040
"360470234001",0,1612,8,1859
"360470234002",7,1676,45,1977
"360470234003",3,1771,24,2087
"360470235001",158,2145,228,3091
"360470235002",23,1783,136,2830
"360470236001",12,1324,5,1652
"360470236002",220,1809,211,1975
"360470236003",2,1431,18,1518
"360470236004",7,1036,45,1403
"360470238001",0,1428,11,1612
"360470238002",20,1863,74,2189
"360470238003",4,1299,29,1613
"360470240001",24,1234,87,1401
"360470240002",24,1709,23,1707
"360470240003",9,1750,26,2057
"360470241001",50,1320,126,1948
"360470241002",22,909,132,1227
"360470242001",82,1306,51,1473
"360470242002",78,1678,65,1816
"360470243001",26,1229,94,1554
"360470243002",36,1322,44,1404
"360470243003",42,1235,84,1389
"360470244001",183,871,219,948
"360470244002",59,1178,59,1342
"360470244003",123,1189,152,1361
"360470245001",11,963,68,975
"360470245002",126,1547,148,1638
"360470245003",16,658,66,789
"360470245004",86,778,147,855
"360470246001",179,1024,257,1109
"360470246002",469,1105,560,1190
"360470246003",225,1127,225,1137
"360470247001",60,1314,98,1596
"360470247002",128,1002,153,1224
"360470248001",613,1292,509,1316
"360470248002",439,1406,481,1331
"360470249001",5,979,66,1117
"360470249002",12,1244,43,1383
"360470249003",30,1107,47,1257
"360470249004",31,493,15,507
"360470250001",519,826,581,861
"360470250002",553,896,598,887
"360470251001",13,1117,87,1249
"360470251002",100,1495,100,1513
"360470251003",30,1204,50,1447
"360470252001",280,760,340,773
"360470252002",410,1453,558,1576
"360470252003",663,1195,789,1282
"360470252004",438,1378,654,1669
"360470253001",29,1174,102,1562
"360470253002",25,1093,55,1299
"360470253003",39,487,64,656
"360470254001",485,990,556,1103
"360470254002",611,1048,726,1185
"360470254003",717,1462,732,1362
"360470255001",52,2891,68,2742
"360470255002",25,2211,26,2057
"360470256001",829,1357,937,1477
"360470256002",785,1701,979,1889
"360470257001",29,1022,69,1649
"360470257002",4,508,14,504
"360470257003",48,601,62,669
"360470258001",475,1416,689,1553
"360470258002",699,1639,908,1795
"360470258003",401,1542,566,1725
"360470259011",40,2010,93,2328
"360470259021",33,3419,73,3560
"360470260001",487,1161,602,1265
"360470260002",525,943,487,932
"360470260003",740,1545,772,1459
"360470261001",7,1035,70,1357
"360470261002",7,755,97,1179
"360470261003",13,1051,38,1395
"360470261004",26,1191,70,1286
"360470261005",25,885,100,1262
"360470262001",599,1303,767,1456
"360470262002",488.999999999899,1070.99999999978,789,1270
"360470263001",26,1868,76,2088
"360470264001",290,824,399,851
"360470264002",360,981,557,1126
"360470264003",574,1545,675,1744
"360470264004",361,1242,589,1382
"360470265001",11,1054,49,1286
"360470265002",19,1161,45,1250
"360470265003",19,959,45,1080
"360470265004",23,664,31,769
"360470266001",443,1218,695,1306
"360470266002",559,1442,758,1551
"360470266003",461,1073,618,1104
"360470267001",20,1074,47,1032
"360470267002",15,926,64,1021
"360470267003",10,1052,33,1087
"360470267004",9,868,70,1088
"360470268001",356,1094,564,1254
"360470268002",272,853,482,970
"360470268003",321,1285,546,1498
"360470268004",288,956,269,964
"360470269001",24,861,58,926
"360470269002",29,821,57,909
"360470269003",24,1088,111,1170
"360470270001",378,1188,630,1417
"360470270002",261,1261,444,1302
"360470271001",136,1687,285,2220
"360470271002",0,784,26,1273
"360470272001",327,890,547,1116
"360470272002",437,1412,526,1377
"360470272003",328,1178,446,1140
"360470273001",5,739,43,736
"360470273002",9,507,14,674
"360470273003",40,1567,42,1721
"360470274001",525,1191,652,1263
"360470274002",682,1837,834,2009
"360470275001",17,1001,25,775
"360470275002",24,1233,34,1220
"360470275003",15,929,28,981
"360470275004",42,1017,78,1095
"360470276001",577,1311,717,1392
"360470276002",421,1125,537,1197
"360470276003",327,1258,424,1297
"360470277001",9,1221,15,1443
"360470277002",10,942,12,985
"360470277003",0,487,26,570
"360470277004",5,1295,22,1353
"360470278001",481,1730,656,1797
"360470278002",471,1490,771,1745
"360470279001",5,924,27,1035
"360470279002",27,869,34,912
"360470279003",0,1060,15,909
"360470279004",0,821,22,818
"360470280000",0,0,0,0
"360470280001",222,675,375,748
"360470280002",409,1086,413,1114
"360470281001",27,1774,75,1703
"360470281002",3,1311,53,1224
"360470281003",5,1108,118,1873
"360470282000",0,0,0,0
"360470282001",401,1322,573,1540
"360470282002",429,1089,497,1103
"360470282003",98,532,207,639
"360470283001",27,1413,70,1261
"360470283002",10,1355,23,1306
"360470283003",10,1329,47,1366
"360470284001",337,1186,420,1271
"360470284002",275,1327,449,1468
"360470284003",407,1490,636,1657
"360470285011",11,428,40,636
"360470285021",8,2802,34,2658
"360470286000",0,0,0,0
"360470286001",210,953,642,1341
"360470286002",126,935,619,1334
"360470286003",113,852,570,1184
"360470286004",329,900,427,967
"360470286005",346,1174,394,1268
"360470287001",23,1074,80,1208
"360470287002",184,550,145,536
"360470287003",52,1367,45,1359
"360470288001",424,1063,460,1096
"360470288002",286,1028,513,1316
"360470288003",499,1367,595,1488
"360470289001",42,673,39,847
"360470289002",8,946,55,1093
"360470289003",13,652,29,727
"360470289004",27,1267,55,1266
"360470290001",113,1174,205,1165
"360470290002",193,1208,384,1360
"360470290003",424,1538,656,1852
"360470291001",10,1100,40,1101
"360470291002",15,1098,52,1046
"360470291003",7,903,9,895
"360470292000",0,0,0,0
"360470292001",366,1291,571,1490
"360470292002",322,1248,438,1291
"360470292003",0,0,0,0
"360470293001",2,673,5,696
"360470293002",21,872,28,871
"360470293003",32,737,30,938
"360470293004",0,824,21,897
"360470294000",0,0,0,0
"360470294001",590,2321,658,2298
"360470295001",6,792,31,974
"360470295002",22,956,36,1004
"360470295003",23,858,44,944
"360470295004",7,819,25,929
"360470296001",220,1422,411,1451
"360470296002",391,1522,590,1668
"360470296003",405,1397,654,1575
"360470296004",371,1205,420,1299
"360470297001",8,906,30,1067
"360470297002",12,1476,45,1770
"360470297003",11,962,31,1084
"360470298001",454,1528,555,1661
"360470298002",503,1215,574,1172
"360470298003",252,974,363,1122
"360470299001",68,1528,103,1226
"360470299002",10,1051,32,1270
"360470300001",349.682384823848,988,420,1043
"360470300002",303.317615176152,857,421,884
"360470300003",521.037362637363,880,510,854
"360470300004",429.855824175824,726,484,701
"360470300005",396.106813186813,669,505,742
"360470300006",0,0,0,0
"360470301001",18,1150,19,1192
"360470301002",0,684,6,692
"360470301003",1,916,34,1086
"360470302001",565,1365,750,1473
"360470302002",714,1522,857,1547
"360470302003",810,1327,919,1371
"360470303001",20,1732,30,2006
"360470303002",1,861,34,972
"360470303003",27,1865,35,1974
"360470304000",0,0,0,0
"360470304001",771,1482,925,1546
"360470304002",544,1571,744,1764
"360470304003",398,1228,496,1376
"360470305001",60,839,92,1213
"360470305002",120,1092,205,1911
"360470305003",145,1959,193,2380
"360470305004",37,1659,102,1745
"360470306001",691,2005,1021,2215
"360470307001",2,1585,20,1642
"360470307002",0,1175,34,1169
"360470307003",8,1784,73,2814
"360470308001",455.422944753134,1946.53359500846,678,2314
"360470309001",16,1045,57,1094
"360470309002",1,709,60,1115
"360470311001",35,882,91,921
"360470311002",3,1105,29,1188
"360470311003",11,846,35,1082
"360470313001",10,1070,34,1132
"360470313002",27,992,34,1103
"360470313003",8,1650,24,1886
"360470313004",13,936,29,988
"360470314010",0,0,0,0
"360470314011",247,935,437,1164
"360470314012",52,971,70,1021
"360470314013",195,1059,222,1139
"360470314014",0,0,0,0
"360470314015",247.462951234959,804,400,943
"360470314016",239.114104011907,777.46640499154,363,875
"360470314020",0,0,0,0
"360470314021",0,0,0,0
"360470315001",21,1269,81,1447
"360470315002",22,1364,68,1435
"360470315003",22,1248,72,1346
"360470315004",24,1294,86,1385
"360470317011",45,1364,114,1590
"360470317012",24,1020,73,1214
"360470317013",16,1049,57,1195
"360470317021",16,1224,50,1184
"360470317022",16,1003,18,1046
"360470317023",19,1136,116,1484
"360470319001",17,1275,33,1188
"360470319002",19,1218,31,1251
"360470319003",11,1015,26,1013
"360470321001",16,1325,30,1310
"360470321002",20,805,43,1369
"360470321003",11,1525,34,1347
"360470321004",13,1346,78,1462
"360470323001",13,1410,55,1361
"360470323002",21,1119,25,1079
"360470323003",0,1025,16,1069
"360470325001",26,1324,44,1242
"360470325002",27,1409,45,1454
"360470325003",4,3672,28,3522
"360470326001",147,901,224,1039
"360470326002",114,1986,165,2063
"360470326003",111,1884,147,1710
"360470326004",31,1048,82,1047
"360470326005",383,1129,456,1216
"360470327001",11,981,16,884
"360470327002",7,1088,45,1107
"360470327003",32,855,82,1083
"360470328001",302,927,343,919
"360470328002",429,630,385,671
"360470328003",131,761,182,751
"360470328004",146,820,179,749
"360470329001",10,1459,16,1510
"360470329002",11,1469,15,1541
"360470329003",7,1353,40,1431
"360470329004",15,1301,28,1225
"360470330000",0,0,0,0
"360470330001",32,2323,70,2235
"360470330002",79,559,91,568
"360470330003",44,1705,141,1620
"360470331001",4,1720,3,1511
"360470331002",7,1871,4,1870
"360470331003",0,929,4,836
"360470333001",1,1233,17,1210
"360470333002",6,1452,13,1862
"360470333003",4,1400,9,1431
"360470335001",5,1043,16,1249
"360470335002",5,1160,46,1032
"360470335003",0,936,5,950
"360470336000",0,0,0,0
"360470336001",56,900,55,888
"360470336002",13,981,71,1029
"360470336003",10,831,36,816
"360470336004",16,657,34,565
"360470336005",104,1390,133,1467
"360470337011",2.20758122743682,1223,17,1430
"360470337012",3.72871521705845,1022,38,1080
"360470337021",2.39743444654437,695,6,757
"360470337022",4.66626910896036,1165,11,1359
"360470339001",11,1354,23,1468
"360470339002",7,1066,33,1198
"360470339003",62,1120,96,1124
"360470339004",14,836,32,886
"360470340001",21,1567,59,1387
"360470340002",3,681,15,571
"360470341001",2,782,17,878
"360470341002",7,753,24,689
"360470341003",3,1072,15,1118
"360470342001",92,2468,159,2507
"360470342002",9,864,83,1324
"360470342003",76,2011,243,2068
"360470342004",18,1159,44,1161
"360470343001",2,620,10,678
"360470343002",10,1257,16,1229
"360470343003",27.3708381171,1863.40665901217,57,1691
"360470343004",22.6291618829,1540.59334098783,50,1426
"360470345001",8,1223,31,1278
"360470345002",0,1424,49,1460
"360470347001",6,721,23,1003
"360470347002",4,1010,20,1062
"360470347003",4,1497,15,1580
"360470348001",329,1386,423,1607
"360470348002",94,1151,95,1221
"360470349011",10.9413298565841,1049,8,1046
"360470349012",5.59298812777733,1100,18,1021
"360470349021",1.61891697591099,1552,34,1489
"360470349022",0.846765039727582,746,1,727
"360470349023",3,956,32,1131
"360470350001",17,1999,22,1865
"360470350002",10,1297,10,1217
"360470351011",18.6153279292557,1704,79,2243
"360470351021",21.7264699376818,1864,20,1428
"360470351022",3.65820213306247,1029,16,1198
"360470352000",0,0,0,0
"360470352001",35,1246,95,1367
"360470353011",4,1804,31,1953
"360470353012",2.97098515519568,629,10,613
"360470353021",1.22346666666667,1147,14,1185
"360470353022",4.80554817813765,1581,49,1626
"360470354001",9,1917,11,1888
"360470354002",10,1963,37,2120
"360470354003",9,2391,13,1485
"360470355001",12,1891,22,1876
"360470355002",5,1488,3,1459
"360470355003",3,1874,15,1857
"360470356011",8,2912,1,2902
"360470356021",4,993,20,1030
"360470356022",2,2299,27,2422
"360470356023",18,1979,93,2022
"360470357011",10,2506,66,2322
"360470357021",0,0,1,15
"360470359001",7,1443,14,1520
"360470359002",4,1238,15,1319
"360470359003",16,2140,12,1818
"360470359004",3,864,6,960
"360470360011",10,1087,31,1094
"360470360012",3,907,55,980
"360470360013",10,1223,115,1313
"360470360021",40,1898,199,2049
"360470360022",26,2032,154,2154
"360470361001",2,605,5,788
"360470361002",19.0008197908095,1021.43858808307,26,1047
"360470361003",2,982,12,1129
"360470362001",422,1817,467,1832
"360470362002",277,1325,288,1290
"360470362003",190,1062,204,1018
"360470363001",3,530,29,675
"360470363002",5,1403,10,1801
"360470363003",2,1594,12,1598
"360470363004",1,581,4,1311
"360470364001",434,1484,601,1764
"360470364002",171,921,232,1242
"360470365011",1,2018,18,2107
"360470365012",6,606,38,852
"360470365021",13,1255,23,1902
"360470366001",512,1428,693,1467
"360470366002",120,1767,150,1733
"360470366003",670,1572,648,1481
"360470367001",0.281879194630872,23,1,146
"360470367002",8.77852348993289,654,26,915
"360470367003",4.93959731543624,628,20,697
"360470367004",0,0,2,38
"360470369001",11,1123,40,1664
"360470369002",13,1120,51,1379
"360470369003",2,1297,28,1576
"360470369004",18,1383,46,1517
"360470370001",155,1156,214,1255
"360470370002",84,995,118,1032
"360470370003",370,1158,566,1636
"360470370004",195,776,191,827
"360470371001",0,786,22,766
"360470371002",1,875,54,928
"360470371003",5,871,25,969
"360470371004",3,932,11,1052
"360470371005",9,656,4,788
"360470373001",7,862,46,1237
"360470373002",6,842,15,1017
"360470373003",0,888,37,962
"360470373004",5,1192,10,1169
"360470374011",89.3725490196078,689,141,704
"360470374012",66.8680641183724,986,118,1107
"360470374013",43.1319358816276,636,63,685
"360470374014",82.6274509803922,637,144,724
"360470374015",143,1353,322,1476
"360470374021",203,1399,412,1659
"360470374022",71,1394,242,1677
"360470374023",83,873,300,1015
"360470374024",146,907,193,1016
"360470375001",33,776,37,956
"360470375002",65,1212,150,1922
"360470375003",25,922,40,931
"360470377001",8,678,19,872
"360470377002",8,966,15,967
"360470377003",6,915,30,1001
"360470377004",17,1101,18,1130
"360470379001",4,1026,29,1029
"360470379002",3,1453,21,1436
"360470379003",7,1227,27,1386
"360470381001",5,1001,28,1195
"360470381002",1,2265,32,2307
"360470381003",3,646,25,837
"360470381004",18,851,52,974
"360470382001",668,1099,823,1322
"360470382002",402,2401,502,2262
"360470382003",294,2443,433,2298
"360470383001",1,1033,46,1276
"360470383002",8,1212,51,1189
"360470383003",7,835,19,962
"360470383004",13,851,21,911
"360470385001",30,1124,51,1166
"360470385002",10,502,10,577
"360470385003",12,1086,42,1307
"360470385004",9,710,47,919
"360470386001",389,2030,604,2155
"360470386002",650,1447,893,1657
"360470387001",13,860,118,1518
"360470387002",18,932,113,1021
"360470387003",14,1093,55,1240
"360470387004",18,1125,64,1129
"360470388001",18,951,236,1118
"360470388002",54,1271,97,1213
"360470388003",99,881,128,964
"360470388004",137,738,138,752
"360470389001",99,1325,162,1626
"360470389002",19,777,42,873
"360470389003",96,671,89,1071
"360470390001",109,1236,138,1299
"360470390002",15,1046,21,1022
"360470391001",60,1157,340,3674
"360470391002",67,1146,175,2102
"360470392001",106,1202,84,1207
"360470392002",102,1554,177,1701
"360470393001",17,1044,80,1322
"360470393002",30,1245,107,1416
"360470393003",65,1260,90,1403
"360470394001",46,777,123,695
"360470394002",26,677,6,613
"360470394003",7,987,15,879
"360470395001",8,1014,59,1163
"360470395002",41,1497,153,1685
"360470395003",13,869,93,1182
"360470396001",6,955,12,744
"360470396002",26,1171,100,1204
"360470397001",19,1191,63,1227
"360470397002",14,871,62,1183
"360470397003",33,1327,54,1458
"360470398001",320,1551,620,1705
"360470398002",494,1093,662,1136
"360470399001",23,1425,46,1469
"360470399002",6,1315,62,1829
"360470399003",69,1083,75,1080
"360470400001",198,1122,226,1234
"360470400002",153,670,329,739
"360470400003",591,1277,749,1308
"360470401001",33,834,30,966
"360470401002",16,1180,62,1263
"360470401003",14,1504,85,1549
"360470402001",0,0,0,0
"360470402002",499.90099009901,1020,645,1049
"360470402003",277.925339366516,763,384,810
"360470402004",398.173670534474,957,685,1166
"360470403001",25,1245,71,1436
"360470403002",34,1089,53,1237
"360470403003",1,1204,41,1219
"360470404001",428,1237,680,1296
"360470404002",608,1314,822,1516
"360470405001",10,856,68,1206
"360470405002",5,624,29,623
"360470406001",323,1181,588,1305
"360470406002",461,846,685,1050
"360470406003",545,1157,740,1244
"360470407001",0,14,0,6
"360470408001",329,987,507,1107
"360470408002",366,1012,561,1143
"360470408003",898,1567,1078,1683
"360470409001",10,1422,56,1500
"360470409002",21,1080,43,1119
"360470409003",5,1250,36,1181
"360470410001",109,799,348,1018
"360470410002",202,974,356,1118
"360470411001",10,1217,73,1336
"360470411002",20,1113,37,1110
"360470411003",5,972,26,886
"360470412001",541,1394,780,1642
"360470412002",397,1535,574,1733
"360470413001",10,1116,42,1193
"360470413002",6,1289,20,1289
"360470413003",5,1417,77,1469
"360470414011",61,641,113,783
"360470414012",12,710,34,697
"360470414021",20,844,99,990
"360470414022",1,768,38,865
"360470415001",16,1547,37,1500
"360470415002",34,1711,73,1719
"360470415003",23,806,44,813
"360470416001",29,1308,31,1200
"360470416002",35,1016,69,912
"360470417001",5,633,20,637
"360470417002",8,736,9,661
"360470417003",78,1213,107,1118
"360470417004",18,1027,25,932
"360470418001",124,1227,201,1328
"360470418002",21,1132,60,1317
"360470419001",18,1839,61,1787
"360470419002",7,1014,40,1034
"360470419003",2,917,57,1059
"360470420001",45,611,18,561
"360470420002",30,1285,27,1351
"360470421001",5,975,98,1392
"360470421002",14,887,57,1056
"360470421003",62,1023,80,1200
"360470421004",104,1035,117,1218
"360470422001",31,968,172,1030
"360470422002",19,1632,105,1649
"360470422003",117,968,143,984
"360470423001",61,1807,105,1875
"360470423002",74,1466,99,1618
"360470423003",39,944,55,1073
"360470424001",361,1048,435,1193
"360470424002",520,1527,812,1708
"360470424003",272,1091,371,1274
"360470425001",29,1291,37,1231
"360470425002",19,662,39,780
"360470425003",23,1089,46,1015
"360470426001",461,1508,676,1562
"360470426002",525,1492,718,1639
"360470426003",463,1135,481,1149
"360470427001",72,1355,83,1315
"360470427002",65,1619,60,1424
"360470427003",19,1328,59,1328
"360470427004",89,772,76,853
"360470428001",392,1239,568,1381
"360470428002",305,1283,421,1366
"360470428003",186,1335,366,1543
"360470429001",24,1460,61,1261
"360470429002",41,1534,77,1577
"360470429003",123,1200,164,1379
"360470429004",59,1436,62,1339
"360470430001",450,1187,637,1307
"360470430002",193,828,303,942
"360470430003",379,1318,552,1593
"360470431001",43,1087,79,1122
"360470431002",83,1246,126,1245
"360470431003",99,1257,35,1124
"360470431004",37,1523,60,1393
"360470432001",212,1078,521,1304
"360470432002",513,1963,693,1967
"360470432003",685,1209,692,1243
"360470433001",76,1076,66,1035
"360470433002",86,1104,81,956
"360470433003",64,1884,101,1852
"360470434001",363,1323,678,1589
"360470434002",319,1202,378,1114
"360470434003",217,908,477,1163
"360470435001",38,1411,98,1541
"360470435002",17,1611,95,1750
"360470435003",41,1441,71,1418
"360470436001",446,1703,753,1977
"360470436002",325,1095,382,1229
"360470436003",343,1362,386,1488
"360470437001",50,1253,63,1357
"360470437002",3,1576,53,1507
"360470437003",21,1204,45,1257
"360470437004",23,1207,36,1161
"360470438001",40,1008,130,1147
"360470438002",163,1473,337,1758
"360470439001",21,1424,68,1619
"360470439002",145,1419,174,1443
"360470439003",91,986,100,1035
"360470440001",8,906,34,882
"360470440002",15,952,30,937
"360470440003",154,1022,202,1059
"360470441001",137,1861,162,1876
"360470441002",190,1982,160,1902
"360470441003",239,1800,198,1748
"360470442001",40,1413,38,1426
"360470442002",19,1245,14,1205
"360470443001",78,1534,96,1393
"360470443002",140,1493,161,1593
"360470443003",123,1485,98,1231
"360470443004",247,1045,158,978
"360470444001",29,1024,62,1066
"360470444002",24,1206,64,1127
"360470444003",83,1106,126,1067
"360470445001",422,1337,372,1460
"360470445002",191,1552,147,1387
"360470445003",118,1557,111,1360
"360470446001",244.753668763103,697,331,795
"360470446002",346.246331236897,1212,397,1231
"360470447001",64,1512,68,1641
"360470447002",26,798,62,818
"360470448001",109,597,144,532
"360470448002",25,1318,65,1433
"360470449011",18,2266,36,1973
"360470449012",24,649,41,697
"360470449013",0.176470588235294,3,0,0
"360470449014",0.764705882352941,13,1,24
"360470449021",0,0,0,0
"360470449022",0,0,0,15
"360470449023",0.0588235294117647,1,0,29
"360470450001",22,673,13,645
"360470452001",7,1287,10,1278
"360470452002",38,1414,69,1340
"360470453001",46,1351,31,1150
"360470453002",43,666,45,736
"360470454001",116,947,137,978
"360470454002",0,905,12,1058
"360470456001",82,926,302,1284
"360470456002",298,1431,436,1483
"360470458001",8,763,40,814
"360470458002",0,727,9,744
"360470460001",333,1378,410,1319
"360470460002",687,1706,883,1827
"360470460003",140,645,121,682
"360470462011",243.677859454863,1545,370,1536
"360470462012",87.3221405451372,1087,133,1164
"360470462021",7,869,123,967
"360470462022",46,934,12,924
"360470464001",41,1344,87,1358
"360470464002",30,1494,21,1374
"360470468001",41,2054,52,2138
"360470470001",10,1602,5,1557
"360470470002",5,1284,63,1266
"360470472001",0,942,5,923
"360470472002",0,1162,5,1109
"360470472003",0,1037,10,1067
"360470474001",1,1732,136,1870
"360470474002",0,1237,2,1362
"360470476001",41,1004,60,1410
"360470476002",15,1060,12,1111
"360470476003",8,1582,41,1533
"360470477001",75,1268,174,1795
"360470477002",190,2050,195,2431
"360470478001",162,1368,197,1452
"360470478002",31,1657,177,1723
"360470478003",110,1823,110,2133
"360470480001",261,1691,358,1744
"360470480002",218,2078,273,2080
"360470481001",81,678,67,712
"360470481002",108,667,118,778
"360470481003",138,1433,135,1615
"360470482001",357,871,603,1121
"360470482002",363,1284,480,1465
"360470482003",472,1906,732,2017
"360470482004",96.6929133858268,614,160,747
"360470482005",103.307086614173,656,165,772
"360470484001",224,2361,523,2542
"360470484002",142.338533477555,1660,261,1782
"360470484003",123.661466522445,1460,318,1598
"360470485001",47,1006,82,948
"360470485002",69,1504,84,1522
"360470486001",539,1227,653,1232
"360470486002",345,1219,434,1204
"360470486003",699,1122,793,1161
"360470488001",317,1353,392,1331
"360470488002",438,1294,478,1389
"360470488003",353,1748,534,1816
"360470489001",5,1213,9,1151
"360470489002",0,861,16,1186
"360470489003",6,1965,11,1420
"360470490001",474,2530,577,2523
"360470490002",281,2363,927,2670
"360470490003",173,1006,189,843
"360470491001",720,1921,786,1852
"360470491002",15,660,82,873
"360470491003",120,2025,128,1918
"360470491004",873,1812,904,1723
"360470492001",158,1055,277,1072
"360470492002",486,1364,475,1263
"360470492003",168,1076,193,1031
"360470493011",21,2160,47,1897
"360470493021",58,1432,104,1466
"360470493022",57,923,89,1127
"360470493023",14,1698,26,1496
"360470493024",19,1412,66,1387
"360470494001",204,1174,274,1340
"360470494002",278,1680,399,1695
"360470494003",222,1725,451,1757
"360470494004",157,729,191,735
"360470495001",64,813,98,1073
"360470495002",90,943,121,1072
"360470495003",73,847,87,969
"360470496001",533,1659,558,1810
"360470496002",514,1497,538,1505
"360470496003",536,1357,597,1331
"360470497001",26,750,62,897
"360470497002",78,830,105,1111
"360470497003",65,1065,107,1133
"360470498001",464,1487,603,1673
"360470498002",610,1720,531,1728
"360470498003",492,1025,522,1116
"360470499001",25,781,69,862
"360470499002",55,972,124,1285
"360470500011",104,866,130,899
"360470500012",93,1061,113,1163
"360470500021",262,1547,217,1607
"360470501001",64,870,69,898
"360470501002",52,1016,86,934
"360470501003",72,900,98,1119
"360470502021",51,1138,62,1167
"360470502022",68,1063,76,1145
"360470503001",44,802,77,799
"360470503002",29,978,85,1115
"360470503003",74,802,76,845
"360470504011",48,1074,51,1105
"360470504012",183,1419,239,1892
"360470504021",199.659292035398,1157,219,1146
"360470504022",151.340707964602,877,183,858
"360470505001",12,1537,44,1446
"360470505002",72,1131,165,1523
"360470505003",422,1495,452,1598
"360470506001",66,1560,102,1382
"360470506002",40,912,31,837
"360470506003",88,1808,293,1698
"360470506004",66,1736,81,1695
"360470507001",25,2288,38,3545
"360470508011",54,1416,67,1382
"360470508012",66,2664,83,2929
"360470508031",50,2464,120,2548
"360470508041",89,1584,160,1934
"360470508042",35,2062,63,1926
"360470508043",139,2604,125,2336
"360470509001",5,1644,72,2308
"360470509002",0,2050,5,2804
"360470510011",12,1879,36,1662
"360470510012",34,2047,33,2078
"360470510021",18,1901,61,1807
"360470510022",45,1581,117,1657
"360470510023",14,1243,32,1136
"360470511001",709,1734,656,1656
"360470511002",28,829,164,1496
"360470511003",61,1370,66,1393
"360470512001",28,1847,64,1800
"360470512002",11,1638,44,1487
"360470512003",53,1499,59,1318
"360470512004",103,1414,92,1341
"360470513001",63,989,139,1267
"360470513002",64,1085,75,994
"360470513003",58,1271,221,2266
"360470513004",20,987,62,999
"360470514001",40,911,101,980
"360470514002",381,2047,434,1908
"360470514003",75,2395,109,2313
"360470514004",46,2013,45,1822
"360470515001",110,1372,211,2451
"360470516011",19,1741,81,1806
"360470516012",44,1711,42,1509
"360470516013",130,2280,128,2092
"360470516021",23,2005,62,1890
"360470516022",49,2023,62,1984
"360470517001",34,476,145,1280
"360470517002",117,1259,117,1356
"360470518001",40,1024,37,1133
"360470518002",73,1261,142,1400
"360470518003",251,1130,255,995
"360470519001",115,1454,380,3203
"360470519002",96,1060,148,1397
"360470519003",65,1050,156,1501
"360470520001",260,1642,225,1555
"360470520002",502,1266,553,1412
"360470520003",556,1320,519,1208
"360470523001",28,1590,99,1531
"360470523002",63,1255,83,1157
"360470523003",49,1214,52,1164
"360470523004",17,656,62,778
"360470523005",21,754,31,775
"360470525001",35,2170,92,2508
"360470525002",52,1329,69,1212
"360470526001",520,2118,434,2002
"360470526002",135,1062,220,1185
"360470526003",303,1177,360,1166
"360470527001",8,1026,39,1051
"360470527002",35,708,47,699
"360470527003",35,804,34,738
"360470527004",33,905,53,820
"360470527005",20,868,35,772
"360470527006",17,1327,48,1190
"360470527007",11,991,21,775
"360470528001",35,893,81,899
"360470528002",474,925,423,905
"360470529001",0,986,2,1033
"360470529002",10,1616,23,1815
"360470529003",5,1377,8,1451
"360470530001",339,1083,459,1216
"360470530002",191,1147,195,962
"360470530003",173,1235,282,1428
"360470531011",0.760337213970293,947,9,1624
"360470531012",0.109193095142513,1354,46,1373
"360470531021",1.56841470765521,2602,29,3727
"360470531022",1.56205498323198,2124,17,2163
"360470532001",382,1292,343,1283
"360470532002",190,1287,211,1227
"360470533001",3,1341,3,1551
"360470533002",3,936,1,1091
"360470533003",0,1420,2,1413
"360470533004",2,1561,1,1727
"360470533005",0,1308,1,1333
"360470534001",417,1333,495,1447
"360470534002",230,1325,313,1314
"360470534003",95,890,181,1065
"360470534004",144,835,250,951
"360470535001",3,1408,29,1450
"360470535002",1,902,2,942
"360470535003",1,726,0,709
"360470535004",0,1312,1,1368
"360470537001",5,1150,2,1215
"360470537002",2,2425,37,3089
"360470538001",51,1394,229,1923
"360470538002",189,1627,290,1781
"360470538003",216,1452,317,1831
"360470539001",0,355,4,346
"360470539002",0,2401,5,2322
"360470542001",91,1810,134,1898
"360470542002",217,1559,215,1717
"360470542003",28,1081,61,1135
"360470543001",0,7,0,5
"360470544001",26,1097,79,1271
"360470544002",271,1343,338,1487
"360470544003",146,966,174,1027
"360470545001",0,660,4,573
"360470545002",0,1120,7,1234
"360470545003",0,2033,8,1469
"360470545004",0,573,1,722
"360470545005",10,1888,14,1863
"360470545006",0,1734,7,1443
"360470546001",103,1157,179,1269
"360470546002",70,1900,428,2454
"360470546003",61,1289,283,1686
"360470547001",25,1191,52,1234
"360470547002",0,1456,13,1262
"360470547003",109,2598,300,5359
"360470548001",22,1031,54,1180
"360470548002",26,958,32,1009
"360470549001",85,2016,71,2251
"360470549002",74,1106,235,2497
"360470550001",28,976,104,1158
"360470550002",85,910,96,1017
"360470550003",119,1665,282,1781
"360470551001",54,898,174,2668
"360470551002",73,1196,88,1172
"360470551003",78,1156,86,1260
"360470551004",29,1347,49,1243
"360470552001",115,1249,172,1290
"360470552002",168,1262,285,1311
"360470552003",321,987,376,1134
"360470553001",101,898,104,971
"360470553002",78,1011,89,1115
"360470553003",61,687,76,992
"360470554001",220,1804,480,2054
"360470554002",103,1397,252,1584
"360470554003",183,1015,272,1175
"360470555001",205,1959,1151,8688
"360470556001",75,1406,178,1512
"360470556002",42,1329,103,1365
"360470556003",279,977,226,1003
"360470557001",25,506,46,648
"360470557002",95,1149,94,1200
"360470558001",77,1105,129,1289
"360470558002",275,1285,441,1447
"360470560001",57,1256,121,1377
"360470560002",91,1298,218,1510
"360470560003",15,939,89,995
"360470561001",13,751,36,985
"360470561002",25,842,21,816
"360470561003",49,811,32,780
"360470561004",113,891,76,879
"360470562001",132,859,110,840
"360470562002",23,795,31,855
"360470563011",64.2249134948097,807,155,1472
"360470563012",65.2073288331726,966,68,1039
"360470563013",94,1146,76,1071
"360470563014",108,1310,91,1341
"360470563020",0,0,0,0
"360470563021",0.00126583620423529,0.015905507088,25,312
"360470563022",9.56649183581346,130.984094492912,132,1690
"360470564001",84,969,247,1094
"360470564002",79,848,131,930
"360470564003",122,634,143,602
"360470565001",41,978,88,1434
"360470565002",54,1149,49,1081
"360470565003",70,1128,61,1223
"360470566001",173,1338,298,1430
"360470566002",269,1081,412,1118
"360470568001",197,774,285,772
"360470568002",99,540,122,538
"360470569001",39,846,78,943
"360470569002",28,784,52,681
"360470570001",29,771,46,792
"360470570002",54,595,89,586
"360470570003",64,625,106,695
"360470570004",651,1393,784,1461
"360470571001",35,1235,61,1154
"360470571002",15,1127,24,1001
"360470571003",74,1034,89,1203
"360470571004",54,1004,45,909
"360470572001",79,2699,127,2602
"360470572002",222,2744,299,2619
"360470573001",18,774,24,720
"360470573002",66,984,54,980
"360470573003",32,850,57,890
"360470574001",588,1495,703,1421
"360470574002",490,1162,539,1139
"360470575001",95,1116,154,1303
"360470575002",102,1046,96,1068
"360470575003",31,996,93,1266
"360470575004",36,1091,92,1265
"360470576001",638,1443,728,1449
"360470576002",652,1475,684,1463
"360470578001",380,1503,545,1609
"360470578002",481,1673,599,1723
"360470579011",12.9911727616646,303,39,472
"360470579012",57.0088272383354,814,76,944
"360470579021",0,0,0,0
"360470580001",621,1910,708,1853
"360470580002",627,1455,706,1649
"360470582001",359,1014,415,989
"360470582002",250,730,220,693
"360470582003",232,1223,325,1362
"360470584001",321,1368,327,1384
"360470584002",340,2252,474,2413
"360470586001",670,1196,681,1230
"360470586002",786,1323,888,1425
"360470588001",362,1513,511,1825
"360470588002",181,1732,209,1707
"360470589011",19,929,27,902
"360470589012",47,975,68,879
"360470589021",0,0,0,0
"360470590001",750,1899,836,2014
"360470591001",36,1007,44,987
"360470591002",20,855,43,836
"360470591003",20,1108,46,1136
"360470591004",28,950,32,897
"360470592001",160,1117,265,1272
"360470592002",494,1556,550,1732
"360470592003",382,1197,425,1264
"360470593001",37,1289,53,1310
"360470593002",29,939,61,964
"360470594021",112,957,158,1008
"360470594022",94,1188,282,1400
"360470594023",195,1162,419,1372
"360470594024",292,1244,540,1325
"360470594031",502,989,460,962
"360470594032",563,1313,621,1340
"360470594033",289,1380,472,1477
"360470594041",391,1306,523,1487
"360470594042",571,1400,713,1577
"360470594043",147,1240,213,1362
"360470596001",41,571,36,556
"360470596002",27,952,20,993
"360470596003",97,783,237,1020
"360470598001",138,2105,166,2147
"360470598002",134,1322,274,1470
"360470600001",70,975,82,1038
"360470600002",111,1237,222,1457
"360470600003",195,1896,369,2225
"360470600004",62,846,97,987
"360470600005",123,1113,99,1137
"360470606001",131,1653,265,2187
"360470606002",259,902,326,991
"360470608001",44,1027,49,978
"360470608002",173,1354,424,1642
"360470608003",145,1193,148,1395
"360470610020",0,0,0,0
"360470610021",2,811,50,1274
"360470610022",22.2023262104409,2002,39,2036
"360470610023",18.7976737895591,1695,39,1754
"360470610031",228,870,331,971
"360470610032",316,1114,509,1447
"360470610041",37,1398,109,1453
"360470610042",125,1011,216,1147
"360470610043",47,1176,121,1158
"360470610044",95,1238,167,1312
"360470610045",28,1624,74,1599
"360470612001",13,1076,22,1063
"360470616000",0,0,0,0
"360470616001",17,1656,30,1854
"360470620001",24,966,32,922
"360470620002",8,884,28,845
"360470622001",14,1794,108,1840
"360470622002",79,1458,105,1485
"360470626001",124,804,341,963
"360470626002",390,1984,520,2189
"360470628001",17,1295,99,1328
"360470628002",70,1377,233,1425
"360470628003",32,997,75,924
"360470628004",52,1557,213,1545
"360470632001",20,812,75,807
"360470632002",81,635,104,669
"360470636001",76,1236,273,1317
"360470638001",31,570,104,675
"360470638002",113,954,195,942
"360470640001",120,929,125,934
"360470640002",20,670,67,686
"360470642001",141,1353,217,1506
"360470642002",29,1165,72,1359
"360470644001",165,1385,191,1384
"360470644002",1.67979002624672,30,10,61
"360470644003",62.3202099737533,1113,142,1257
"360470646001",29,925,64,977
"360470646002",137,1264,109,1249
"360470648001",68,1192,131,1193
"360470648002",93,753,102,800
"360470650001",114,493,122,455
"360470650002",88,896,141,984
"360470652001",164,1232,212,1197
"360470654001",40,744,59,809
"360470654002",44,863,150,872
"360470656001",40,825,158,888
"360470656002",43,883,102,907
"360470658001",78,903,161,878
"360470658002",67,859,219,966
"360470660001",87,882,163,859
"360470660002",47,891,148,903
"360470662001",166,1411,345,1497
"360470666000",0,0,0,0
"360470666001",0,0,0,1
"360470670001",43,822,78,816
"360470670002",107,1858,410,2060
"360470672001",56,1422,111,1435
"360470674001",56,1035,130,1075
"360470674002",53,929,76,917
"360470676001",21,940,31,892
"360470676002",18,717,53,730
"360470678001",17,1433,32,1633
"360470678002",13,1227,57,1241
"360470680001",33,809,53,862
"360470680002",72,1000,96,1025
"360470682001",73,1256,131,1220
"360470682002",50,1176,125,1269
"360470686001",48,669,107,764
"360470686002",95,864,126,985
"360470688001",49,883,50,869
"360470688002",38,731,88,837
"360470690001",28,781,56,836
"360470690002",58,1010,63,1044
"360470692001",40,1508,77,1609
"360470692002",12,884,30,903
"360470696011",44,1510,144,1546
"360470696012",63,2270,58,2386
"360470696021",19,928,50,1023
"360470696022",186,2385,253,2390
"360470696023",135,2682,176,2862
"360470698001",15,617,34,667
"360470698002",20,660,48,750
"360470700001",7,700,30,676
"360470700002",9,1003,18,974
"360470702011",25,752,28,773
"360470702012",50,881,25,896
"360470702013",21,976,37,1038
"360470702014",36,1893,68,1938
"360470702015",25,2071,90,2074
"360470702020",0,0,0,0
"360470702021",0,37,0,21
"360470702030",0,0,0,0
"360470702031",0,0,0,0
"360470706011",25.2479928635147,913,21,907
"360470706012",30.7520071364853,1787,48,1796
"360470706020",0,0,0,0
"360470706021",0,0,0,4
"360470720001",71,2167,76,2205
"360470722001",13,1539,38,1679
"360470722002",39,1116,67,1214
"360470724001",4,983,9,1039
"360470724002",0,772,12,872
"360470726001",13,2093,80,2582
"360470728001",32,2246,40,2567
"360470728002",11,947,24,1078
"360470730001",27,1114,54,1316
"360470730002",7,865,37,854
"360470732001",46,1036,74,1162
"360470732002",31,1060,40,1011
"360470734001",17,799,75,800
"360470734002",33,1090,41,1018
"360470736001",107,1447,90,1413
"360470736002",18,898,73,947
"360470736003",234,1023,303,1113
"360470738001",77,1297,74,1275
"360470738002",57,944,88,1007
"360470738003",22,984,104,1008
"360470740001",297,1829,266,1720
"360470740002",68,1702,128,1726
"360470742001",89,1915,83,1833
"360470742002",41,1377,20,1190
"360470744001",12,1391,18,1329
"360470744002",31,1101,50,1152
"360470746001",87,1148,129,1206
"360470746002",30,855,44,894
"360470748001",15,1076,6,996
"360470748002",36,936,38,940
"360470750001",49,1569,54,1490
"360470750002",34,1460,48,1438
"360470752001",0,1130,12,1042
"360470754001",0,767,0,717
"360470754002",0,721,0,685
"360470756001",122,1035,87,1017
"360470756002",32,958,49,917
"360470758001",18,864,15,873
"360470758002",30,952,129,1132
"360470760001",1,612,6,639
"360470760002",131,998,183,1017
"360470760003",39,1166,135,1176
"360470762001",73,1015,154,1086
"360470762002",247,1510,413,1541
"360470762003",288,1710,478,1764
"360470764001",32,1260,115,1393
"360470764002",24,1094,77,1103
"360470764003",93,1133,126,1287
"360470766001",34,2061,104,1990
"360470768001",82,862,173,1049
"360470768002",69,1037,154,1250
"360470768003",268,1508,346,1750
"360470770001",20,1268,39,1307
"360470770002",28,1454,74,1469
"360470772001",57,1665,58,1482
"360470772002",42,1729,118,1588
"360470774001",48,875,57,1046
"360470774002",171,2006,174,1983
"360470776001",98,1215,64,1235
"360470776002",35,1488,59,1511
"360470776003",39,1103,113,1038
"360470780001",3,951,29,1030
"360470780002",25,1141,20,1167
"360470782001",0,1382,59,1492
"360470782002",24,2482,35,2589
"360470784001",12,1040,12,1129
"360470784002",29,1308,27,1312
"360470786011",67,1057,122,1184
"360470786012",64.371484408597,1192,157,1190
"360470786021",34.4014869888476,661,46,603
"360470786022",74.2270286025554,1346,11,1470
"360470788011",15,1147,19,1086
"360470788012",4,815,67,954
"360470788021",2,1460,10,1328
"360470790011",22.1128841607565,1336,36,1347
"360470790021",35,1249,58,1265
"360470790022",3,1046,13,1013
"360470790023",19.8871158392435,1463,30,1491
"360470792011",20,1552,48,1743
"360470792021",29,1823,100,2096
"360470792022",19,997,23,1075
"360470794001",4.98741529525653,736,16,945
"360470794002",7.93804453049371,1117,14,1725
"360470794003",0.074540174249758,11,9,72
"360470796011",44,2339,67,1997
"360470796012",33,2074,112,2128
"360470796021",30,2279,112,2231
"360470796022",24,2535,50,2258
"360470798011",57,1702,66,1698
"360470798012",20,1335,40,1259
"360470798021",52,2005,81,1909
"360470798022",102,2073,128,2006
"360470798023",28,1373,112,1732
"360470800001",35,1175,34,1117
"360470800002",22,1022,37,1102
"360470800003",14,1290,52,1343
"360470802001",15,1655,88,1786
"360470802002",10,1220,56,1303
"360470802003",9,1429,47,1432
"360470804001",22,1271,44,1292
"360470804002",53,1119,53,1053
"360470804003",12,860,46,982
"360470806001",11,1873,51,2043
"360470806002",9,1513,23,1738
"360470808001",115,1197,95,1940
"360470810001",11,1225,22,1499
"360470810002",46,1075,69,1408
"360470814001",24,1361,65,1537
"360470814002",6,1274,49,1584
"360470816001",80,1086,64,1013
"360470816002",27,1705,24,1567
"360470818001",71,2282,143,2648
"360470818002",104,1116,41,1168
"360470818003",22,1153,19,1014
"360470820001",46,1890,65,1904
"360470820002",31,1983,60,1998
"360470820003",19,1408,34,1593
"360470822001",10,1232,62,1218
"360470822002",5,2042,22,1837
"360470822003",5,2144,77,2295
"360470822004",41,1862,62,1851
"360470824001",33,1447,58,1515
"360470824002",2,1203,4,1156
"360470824003",24,1222,61,1373
"360470824004",8,858,12,919
"360470826001",14,1395,19,1309
"360470826002",7,1148,44,1089
"360470826003",9,1736,10,1554
"360470826004",14,1234,26,1213
"360470828001",19,1062,11,1065
"360470828002",35,1080,59,1482
"360470828003",26,1672,25,1659
"360470830001",33,1154,22,1210
"360470830002",21,1251,54,1360
"360470830003",4,1888,24,1918
"360470830004",9,1704,15,1679
"360470832001",25,1207,92,1326
"360470832002",16,1082,27,1036
"360470834001",0,821,19,844
"360470834002",17,880,37,889
"360470836001",12,764,51,893
"360470836002",2,1165,36,1267
"360470838001",16,1201,20,1194
"360470838002",19,988,22,1032
"360470840001",29,1153,17,1121
"360470840002",7,1259,8,1203
"360470846001",6,1064,11,1082
"360470846002",9,899,16,904
"360470848001",2,893,37,913
"360470848002",4,857,32,815
"360470850001",11,1374,16,1509
"360470852001",0,29,6,32
"360470854001",3,943,18,866
"360470854002",19,1109,52,1096
"360470856001",9,950,17,1041
"360470856002",7,1241,37,1109
"360470856003",6,1417,12,1418
"360470858001",5,1079,51,1158
"360470858002",15,1355,74,1316
"360470860001",27,1058,24,1192
"360470860002",0,1201,11,1290
"360470860003",3,1167,17,1327
"360470862001",6,754,26,847
"360470862002",6,1093,16,1262
"360470862003",14,1149,9,1318
"360470864001",6,1082,6,1195
"360470864002",2,1149,12,1304
"360470866001",3,1222,13,1234
"360470866002",5,883,2,1015
"360470866003",2,1044,6,1136
"360470868001",17,870,13,1015
"360470868002",26,938,5,937
"360470868003",2,1348,14,1461
"360470870001",7,994,11,1060
"360470870002",0,1215,15,1348
"360470870003",8,995,23,1162
"360470872001",3,593,18,651
"360470872002",1,900,27,1045
"360470872003",6,1375,14,1432
"360470874011",9,1347,16,1627
"360470874012",12,1795,9,2113
"360470876001",6,839,38,1191
"360470876002",4,903,10,907
"360470878001",1,834,6,983
"360470878002",10,638,8,231
"360470878003",2,1534,15,1516
"360470880011",4,995,8,1561
"360470880012",9,598,1,566
"360470880021",6,1270,22,1374
"360470882001",9,2186,21,2149
"360470882002",11,1447,16,1538
"360470882003",8,1282,12,1280
"360470882004",4,1825,9,1837
"360470884001",20,1693,21,1755
"360470884002",6,1623,7,1709
"360470884003",20,1920,15,2049
"360470886001",6,1278,1,1235
"360470886002",14,1411,15,1472
"360470886003",0,1738,6,1840
"360470888001",6,1244,1,1320
"360470888002",2,1340,4,1297
"360470888003",2,1339,11,1384
"360470890001",10,1295,7,1316
"360470890002",3,1488,6,1420
"360470890003",6,650,3,683
"360470890004",21,1654,5,1701
"360470890005",4,603,6,657
"360470890006",4,629,11,906
"360470892001",2,548,10,639
"360470892002",1,1168,4,1081
"360470892003",3,1262,2,1128
"360470892004",3,673,4,825
"360470894001",1,826,2,825
"360470894002",2,894,7,1054
"360470894003",16,909,23,974
"360470894004",0,801,1,981
"360470896001",7,753,4,876
"360470896002",129,1553,27,1839
"360470896003",5,1240,2,1366
"360470898001",3,963,5,967
"360470898002",14,1126,23,1362
"360470900001",0,507,5,624
"360470900002",0,633,0,558
"360470900003",4,884,3,836
"360470900004",1.99918020919052,1069.56141191693,1,1001
"360470900005",0,1041,4,1051
"360470900006",2,870,1,872
"360470900007",4,503,6,492
"360470902001",8,1181,41,1084
"360470902002",10,529,38,641
"360470902003",2,277,3,597
"360470902004",12,808,14,849
"360470902005",9,656,13,646
"360470906001",5,978,7,952
"360470906002",15,1984,25,2068
"360470906003",3,1619,16,1514
"360470908001",13,2059,25,3974
"360470908002",3,1257,4,1116
"360470908003",0,674,12,803
"360470910001",3,1820,5,1732
"360470910002",14,1572,22,1421
"360470910003",11,1420,18,1570
"360470910004",8,798,61,1091
"360470912001",11,1759,10,1649
"360470912002",5,2108,19,2053
"360470912003",23,2947,31,2870
"360470916001",1,1093,16,1196
"360470916002",6,748,62,1153
"360470916003",8,1000,6,1148
"360470916004",16,1484,11,1812
"360470918001",0,1941,2,1763
"360470918002",0,863,13,940
"360470920001",2,712,1,754
"360470920002",0,1499,7,1679
"360470920003",17,943,29,1058
"360470920004",0,0,0,0
"360470922001",5,809,9,982
"360470922002",6,1882,12,2049
"360470924001",6,1035,12,1772
"360470924002",7,881,7,1074
"360470924003",4,740,0,782
"360470928001",0,1217,2,1365
"360470928002",52.73106323836,1355,23,1415
"360470928003",3.26893676164003,84,3,81
"360470930001",3,998,1,1011
"360470930002",7,1549,5,1556
"360470932001",2,1142,52,1277
"360470934001",17,1175,9,1236
"360470934002",2,1226,22,1230
"360470936001",0,947,1,971
"360470936002",9,681,7,883
"360470938001",15,1236,9,1526
"360470938002",3,1138,4,1136
"360470944011",5,810,6,770
"360470944012",1,870,2,968
"360470944013",0,827,12,992
"360470944014",1,695,0,717
"360470944021",12,2886,18,2810
"360470946001",11,630,7,742
"360470946002",5,633,2,683
"360470946003",5,567,11,654
"360470950001",7,1478,18,1582
"360470950002",6,1428,15,1588
"360470954001",5,1416,14,1439
"360470954002",17,1883,9,2165
"360470954003",5,1308,15,1552
"360470956001",3,1766,14,1977
"360470956002",83,2276,55,2414
"360470958001",33,1321,27,1465
"360470958002",80,2135,79,2305
"360470960001",0,0,0,6
"360470962001",22,1717,30,1701
"360470964001",49,1197,36,1383
"360470964002",9,1164,40,1238
"360470966001",21,1241,42,1267
"360470966002",59,923,32,1086
"360470968001",31,761,10,780
"360470968002",9,710,21,775
"360470970001",47,953,21,1115
"360470970002",20,1152,26,1242
"360470974001",13,1505,22,1645
"360470974002",13,1219,15,1266
"360470982001",5,2343,9,2212
"360470982002",7,1962,3,1864
"360470984001",19,1978,5,2074
"360470986001",17,1661,16,1585
"360470986002",47,1201,51,1229
"360470988001",17,1631,20,1691
"360470988002",76,1423,39,1392
"360470990001",92,1422,72,1652
"360470992001",73,1833,69,2056
"360470994001",11,1978,30,2116
"360470996001",28,1620,22,1878
"360470996002",29,2011,27,2174
"360470998001",39,1933,23,2157
"360470998002",14,1851,20,2077
"360471004001",25,2567,37,2901
"360471006001",34,1186,33,1194
"360471006002",27,1303,14,1468
"360471008001",69,1095,56,1124
"360471008002",39,1029,18,1065
"360471010001",109,1131,61,1243
"360471010002",56,1187,67,1362
"360471012001",82,1154,50,1184
"360471012002",30,778,26,931
"360471014001",104,1375,55,1506
"360471014002",27,785,43,762
"360471016001",43,1464,32,1551
"360471018001",35,1851,22,2030
"360471020001",51,1922,69,2186
"360471022001",230,2075,136,2313
"360471024001",152,2123,98,2257
"360471026001",40,2771,33,2973
"360471028011",72,1579,62,1754
"360471028020",0,0,0,0
"360471028021",0,0,0,5
"360471034011",4.223016440314,2363.68263045004,9,2396
"360471034012",2.776983559686,1554.31736954996,7,1584
"360471034020",0,0,0,0
"360471034021",0,0,0,0
"360471058011",74,1754,58,1704
"360471058012",117,3372,121,3183
"360471058013",41,1802,81,2126
"360471058041",9,432,7,701
"360471058042",0,862,7,757
"360471058043",75,2691,60,2567
"360471058044",75,2441,64,2457
"360471070011",0.999999999999783,321.99999999993,33,3543
"360471070020",0,0,0,0
"360471070021",0,0,0,0
"360471070031",0,0,0,0
"360471078001",0,1052,2,1029
"360471078002",4,963,11,1109
"360471078003",2,927,9,963
"360471078004",6,907,5,1011
"360471098001",0,0,0,0
"360471098002",35,787,25,809
"360471098003",0,0,0,20
"360471098004",0,0,0,0
"360471098005",5,1130,6,1461
"360471104001",2,828,10,1139
"360471104002",0,1442,5,1568
"360471104003",3,942,7,1039
"360471104004",3,1146,23,1322
"360471106001",5,2050,16,2502
"360471106002",17,2261,1,2056
"360471110001",8,1763,9,1678
"360471110002",0,1453,3,1359
"360471116001",26,2221,26,2186
"360471116002",2,1263,15,1248
"360471118001",6,1421,113,1665
"360471118002",9,1632,54,1842
"360471120001",19,1018,42,1162
"360471120002",20,2137,52,2318
"360471122001",7,2208,62,2370
"360471122002",3,1163,6,1144
"360471124001",2,882,6,1382
"360471124002",0,1103,7,1257
"360471124003",0,1431,30,1649
"360471126001",0,1420,3,1529
"360471126002",8,1257,4,1372
"360471126003",5,1106,11,1467
"360471128001",1,1020,10,1246
"360471128002",5,1404,9,1565
"360471128003",7,1398,16,1650
"360471130001",0,718,1,650
"360471130002",4,844,16,1218
"360471130003",1,1318,5,1346
"360471130004",6,1011,10,1246
"360471132001",13,1132,19,1182
"360471132002",4,805,20,1240
"360471132003",0,0,0,5
"360471134001",4,961,4,754
"360471134002",10,1159,4,983
"360471134003",6,718,4,921
"360471142011",4,874,6,1025
"360471142012",19,704,103,855
"360471142021",20,1613,51,1434
"360471142022",23,1153,35,1236
"360471144001",4,361,6,411
"360471144002",16,751,9,706
"360471144003",7,633,3,695
"360471144004",11,658,15,602
"360471146001",80,1671,123,1733
"360471146002",59,1327,39,1401
"360471150001",26,930,16,1141
"360471150002",2,924,10,1058
"360471150003",0,741,16,924
"360471152001",31,646,32,861
"360471152002",10,1301,58,1272
"360471152003",14,1147,57,1363
"360471156001",7,924,17,1113
"360471156002",14,1164,17,1100
"360471156003",7,1227,3,1195
"360471156004",29,1000,19,1044
"360471158001",12,969,50,1058
"360471158002",0,950,18,1124
"360471158003",0,1064,13,1078
"360471160001",0,783,3,904
"360471160002",0,878,8,916
"360471160003",0,882,5,810
"360471162001",1,737,23,814
"360471162002",0,649,11,687
"360471162003",1,771,29,873
"360471164001",24,1037,51,1143
"360471164002",15,908,45,1036
"360471164003",9,976,59,1096
"360471166001",32,884,81,918
"360471166002",17,923,67,1316
"360471166003",40,1100,146,1250
"360471168001",25,976,70,1166
"360471168002",59,1081,70,1107
"360471170001",97,909,53,992
"360471170002",49,971,52,982
"360471172011",41,1607,54,1421
"360471172012",75,1106,54,1181
"360471172021",58,1683,73,1795
"360471172022",111,2224,148,2471
"360471174001",79,2203,75,2161
"360471174002",141,2126,131,2170
"360471176011",28,1188,43,1167
"360471176012",97,1562,56,1593
"360471176021",103,1602,56,1504
"360471176022",128,1711,125,1988
"360471178001",289,1717,291,1820
"360471180001",0,6,0,7
"360471182011",119,1408,181,1609
"360471182012",81,1594,71,1736
"360471182021",176,1573,121,1575
"360471182022",92,1510,136,1700
"360471184001",126,1674,144,1721
"360471184002",76,1790,116,1780
"360471184003",347,1956,297,1933
"360471186001",329,1433,549,1535
"360471186002",133,1536,349,1612
"360471188001",902,1594,1406,2003
"360471188002",372,1361,514,1431
"360471188003",373,1696,556,1722
"360471190001",152,1045,284,1078
"360471190002",212,1082,344,1139
"360471192001",39,1052,120,1309
"360471192002",87,1277,152,1407
"360471192003",4,684,66,920
"360471194001",31,1109,143,1368
"360471194002",29,1312,90,1316
"360471194003",34,1493,170,1636
"360471196001",228,1254,672,1693
"360471196002",157,982,382,1157
"360471196003",436,1784,816,1922
"360471196004",278,1383,637,1686
"360471198001",24,857,32,1054
"360471198002",36,1303,25,1327
"360471198003",34,1266,55,1315
"360471200001",291,1038,410,1261
"360471200002",104,1110,365,1612
"360471202001",449,944,565,1052
"360471202002",475,956,493,920
"360471208011",56.7637393767705,828,164,880
"360471208012",19.2961956521739,789,142,1007
"360471208013",64.2362606232295,937,247,1050
"360471208014",25.7038043478261,1051,109,1062
"360471208021",3,2364,30,3002
"360471208022",15,1521,7,768
"360471208031",77,1448,205,2010
"360471210001",20,2156,42,1939
"360471210002",4,1879,27,1749
"360471214001",17,2414,23,2295
"360471214002",1,1937,13,1805
"360471220001",19,2479,31,2550
"360471220002",50,3016,86,3619
"360471237001",6,1267,19,1514
"360471237002",9,2618,10,4094
"360471237003",24,2123,29,2978
"360471502001",68,981,67,1027
"360471502002",82,751,54,790
"360471502003",55,808,85,799
"360471522001",284,1280,257,1443
"360471522002",321,1047,281,887
"360471522003",64,990,64,957
"360479901000",0,0,0,0
